Spectra_filename, Number_in_fun_name, Function_full_name, FunctionType, Area, Center, FWHM, shape, GaussianFWHM, LorentzianFWHM,  gwidth, height,  --- Created at Thu Jun  4 11:46:58 2020 ---
FN7112 map truncated version0001.CSV, 0001, Spec0001_VoigtK, VoigtK, 0.3196923824817, 866.61723706511, 4.9953276669462, 0, 4.9953276669462, 0, 3, 0.060122377879059, 
FN7112 map truncated version0002.CSV, 0002, Spec0002_VoigtK, VoigtK, 0.20718886854951, 870.53072263891, 4.0988799718618, 0, 4.0988799718618, 0, 2.4616282925646, 0.047486379544217, 
FN7112 map truncated version0003.CSV, 0003, Spec0003_VoigtK, VoigtK, 0.21458139398129, 869.89111505914, 2.3289184166803, 0, 2.3289184166803, 0, 1.3986580492551, 0.086557684205874, 
FN7112 map truncated version0004.CSV, 0004, Spec0004_VoigtK, VoigtK, 0.19163602453896, 870.03237660276, 2.1492466047849, 0, 2.1492466047849, 0, 1.2907541295077, 0.083764257881877, 
FN7112 map truncated version0005.CSV, 0005, Spec0005_VoigtK, VoigtK, 0.2629626192401, 869.94821965625, 2.2715230567268, 0, 2.2715230567268, 0, 1.3641886227548, 0.10875386720649, 
FN7112 map truncated version0006.CSV, 0006, Spec0006_VoigtK, VoigtK, 0.29638042648743, 869.97015664296, 2.1951259457991, 0, 2.1951259457991, 0, 1.318307481804, 0.12684049179208, 
FN7112 map truncated version0007.CSV, 0007, Spec0007_VoigtK, VoigtK, 0.24426741702346, 869.98129848192, 2.2558820549362, 0, 2.2558820549362, 0, 1.3547952438815, 0.10172249226276, 
FN7112 map truncated version0008.CSV, 0008, Spec0008_VoigtK, VoigtK, 0.2523296790555, 870.02348726169, 2.1731125289585, 0, 2.1731125289585, 0, 1.3050870776733, 0.10908221830509, 
FN7112 map truncated version0009.CSV, 0009, Spec0009_VoigtK, VoigtK, 0.23919464771749, 870.02316474246, 2.4531635327405, 0, 2.4531635327405, 0, 1.4732748457962, 0.091599435879243, 
FN7112 map truncated version0010.CSV, 0010, Spec0010_VoigtK, VoigtK, 0.23812808493381, 870.00112636025, 2.2611330218419, 0, 2.2611330218419, 0, 1.3579487708907, 0.098935544525296, 
FN7112 map truncated version0011.CSV, 0011, Spec0011_VoigtK, VoigtK, 0.18278560836516, 869.94511914705, 2.2572495872457, 0, 2.2572495872457, 0, 1.3556165307324, 0.076072949995595, 
FN7112 map truncated version0012.CSV, 0012, Spec0012_VoigtK, VoigtK, 0.17326906975903, 869.97309356173, 2.3743912661963, 0, 2.3743912661963, 0, 1.4259672785276, 0.068554599698453, 
FN7112 map truncated version0013.CSV, 0013, Spec0013_VoigtK, VoigtK, 0.14937379926699, 869.98394132745, 2.1242162362694, 0, 2.1242162362694, 0, 1.2757218612456, 0.066060756821621, 
FN7112 map truncated version0014.CSV, 0014, Spec0014_VoigtK, VoigtK, 0.13273586155065, 870.08983057885, 2.8467613938209, 0, 2.8467613938209, 0, 1.7096544512932, 0.043803120169012, 
FN7112 map truncated version0015.CSV, 0015, Spec0015_VoigtK, VoigtK, 0.19801949760323, 870.6361704492, 3.2363360354332, 0, 3.2363360354332, 0, 1.9436178672609, 0.057480718348546, 
FN7112 map truncated version0016.CSV, 0016, Spec0016_VoigtK, VoigtK, 0.16281208635362, 870.12977141446, 2.8017824735393, 0, 2.8017824735393, 0, 1.6826418567566, 0.054590876708394, 
FN7112 map truncated version0017.CSV, 0017, Spec0017_VoigtK, VoigtK, 0.19440166552623, 869.42647836748, 2.8723519162197, 0, 2.8723519162197, 0, 1.7250231262461, 0.063581412979497, 
FN7112 map truncated version0018.CSV, 0018, Spec0018_VoigtK, VoigtK, 0.14077088096292, 869.80631025101, 2.9186136146058, 0, 2.9186136146058, 0, 1.7528061075461, 0.045311043721251, 
FN7112 map truncated version0019.CSV, 0019, Spec0019_VoigtK, VoigtK, 0.17200773009658, 869.94141329543, 2.4094666397357, 0, 2.4094666397357, 0, 1.447032187105, 0.067064839361314, 
FN7112 map truncated version0020.CSV, 0020, Spec0020_VoigtK, VoigtK, 0.17193794026258, 869.91955840631, 2.0520260107281, 0, 2.0520260107281, 0, 1.2323672124491, 0.07871485503415, 
FN7112 map truncated version0021.CSV, 0021, Spec0021_VoigtK, VoigtK, 0.20696976280092, 869.92154217809, 2.1461489575515, 0, 2.1461489575515, 0, 1.2888938027544, 0.090597222170032, 
FN7112 map truncated version0022.CSV, 0022, Spec0022_VoigtK, VoigtK, 0.26919864921202, 870.02513846027, 2.3906960641375, 0, 2.3906960641375, 0, 1.4357593076166, 0.1057831149624, 
FN7112 map truncated version0023.CSV, 0023, Spec0023_VoigtK, VoigtK, 0.24602930213884, 869.96296322193, 2.3289548575579, 0, 2.3289548575579, 0, 1.3986799342324, 0.099241565324618, 
FN7112 map truncated version0024.CSV, 0024, Spec0024_VoigtK, VoigtK, 0.25201774128477, 869.94422336668, 2.370581853844, 0, 2.370581853844, 0, 1.4236794932573, 0.099872058370846, 
FN7112 map truncated version0025.CSV, 0025, Spec0025_VoigtK, VoigtK, 0.26827666076722, 870.04677561371, 2.461621364124, 0, 2.461621364124, 0, 1.4783542911984, 0.10238338432023, 
FN7112 map truncated version0026.CSV, 0026, Spec0026_VoigtK, VoigtK, 0.29256295221049, 870.06200087816, 2.4731713411003, 0, 2.4731713411003, 0, 1.485290759282, 0.11113042265592, 
FN7112 map truncated version0027.CSV, 0027, Spec0027_VoigtK, VoigtK, 0.20648168715793, 869.94242326628, 2.2300635790061, 0, 2.2300635790061, 0, 1.3392896688814, 0.086982550289093, 
FN7112 map truncated version0028.CSV, 0028, Spec0028_VoigtK, VoigtK, 0.21253943244641, 869.91635461862, 2.3209025587292, 0, 2.3209025587292, 0, 1.3938440359497, 0.086030104575076, 
FN7112 map truncated version0029.CSV, 0029, Spec0029_VoigtK, VoigtK, 0.15813008943451, 869.96595599166, 2.2932417151282, 0, 2.2932417151282, 0, 1.3772320064022, 0.064778744267486, 
FN7112 map truncated version0030.CSV, 0030, Spec0030_VoigtK, VoigtK, 0.1518204136559, 869.89626162647, 2.2909906612104, 0, 2.2909906612104, 0, 1.3758801107501, 0.062255065318736, 
FN7112 map truncated version0031.CSV, 0031, Spec0031_VoigtK, VoigtK, 0.1605102328801, 869.87886976547, 2.3510057932446, 0, 2.3510057932446, 0, 1.4119228707264, 0.064138214711802, 
FN7112 map truncated version0032.CSV, 0032, Spec0032_VoigtK, VoigtK, 0.093140381617102, 869.78085798777, 2.026921197293, 0, 2.026921197293, 0, 1.2172902354565, 0.043168701965835, 
FN7112 map truncated version0033.CSV, 0033, Spec0033_VoigtK, VoigtK, 0.077334273748166, 869.76954047253, 1.6651092223154, 0, 1.6651092223154, 0, 1, 0.04363119690119, 
FN7112 map truncated version0034.CSV, 0034, Spec0034_VoigtK, VoigtK, 0.17270018509678, 870.10087311835, 2.2172997121557, 0, 2.2172997121557, 0, 1.331624185633, 0.073170537284354, 
FN7112 map truncated version0035.CSV, 0035, Spec0035_VoigtK, VoigtK, 0.16794078852849, 869.91564262849, 2.0126182462582, 0, 2.0126182462582, 0, 1.2087004379566, 0.078390353689191, 
FN7112 map truncated version0036.CSV, 0036, Spec0036_VoigtK, VoigtK, 0.19237023462992, 870.01267199402, 2.0420829622458, 0, 2.0420829622458, 0, 1.2263958032772, 0.088497771446207, 
FN7112 map truncated version0037.CSV, 0037, Spec0037_VoigtK, VoigtK, 0.19890646419787, 870.0264444415, 2.0901852320207, 0, 2.0901852320207, 0, 1.2552841603473, 0.089398856548531, 
FN7112 map truncated version0038.CSV, 0038, Spec0038_VoigtK, VoigtK, 0.24117667321816, 869.94133828407, 2.2442023434556, 0, 2.2442023434556, 0, 1.3477808622878, 0.10095809107583, 
FN7112 map truncated version0039.CSV, 0039, Spec0039_VoigtK, VoigtK, 0.26083288896808, 870.03559330737, 2.2852336802923, 0, 2.2852336802923, 0, 1.3724226913563, 0.10722586960419, 
FN7112 map truncated version0040.CSV, 0040, Spec0040_VoigtK, VoigtK, 0.23222512287321, 870.04552045078, 2.1438047291615, 0, 2.1438047291615, 0, 1.2874859501291, 0.10176344912246, 
FN7112 map truncated version0041.CSV, 0041, Spec0041_VoigtK, VoigtK, 0.2538224184212, 869.99482371134, 2.1997514023476, 0, 2.1997514023476, 0, 1.3210853515595, 0.1083987355142, 
FN7112 map truncated version0042.CSV, 0042, Spec0042_VoigtK, VoigtK, 0.22304661322121, 870.06625480037, 2.1874294079362, 0, 2.1874294079362, 0, 1.3136852397553, 0.095792041364353, 
FN7112 map truncated version0043.CSV, 0043, Spec0043_VoigtK, VoigtK, 0.24172933658196, 870.02036072283, 2.3185409885147, 0, 2.3185409885147, 0, 1.3924257684974, 0.09794503454394, 
FN7112 map truncated version0044.CSV, 0044, Spec0044_VoigtK, VoigtK, 0.20442297538293, 870.00839424956, 2.113409324194, 0, 2.113409324194, 0, 1.2692316491138, 0.090868618961885, 
FN7112 map truncated version0045.CSV, 0045, Spec0045_VoigtK, VoigtK, 0.16656441420259, 869.94849216438, 2.2449055635214, 0, 2.2449055635214, 0, 1.3482031889774, 0.069703082928228, 
FN7112 map truncated version0046.CSV, 0046, Spec0046_VoigtK, VoigtK, 0.14598617155906, 869.96233640477, 2.3749650134208, 0, 2.3749650134208, 0, 1.4263118488518, 0.057746058283456, 
FN7112 map truncated version0047.CSV, 0047, Spec0047_VoigtK, VoigtK, 0.1397037041864, 869.91315136662, 2.1619909051437, 0, 2.1619909051437, 0, 1.2984078618803, 0.060704641734735, 
FN7112 map truncated version0048.CSV, 0048, Spec0048_VoigtK, VoigtK, 0.15954286851952, 869.95133796708, 2.5444571756963, 0, 2.5444571756963, 0, 1.5281022659632, 0.058904719457125, 
FN7112 map truncated version0049.CSV, 0049, Spec0049_VoigtK, VoigtK, 0.1917156056511, 870.1834507721, 2.4884709738602, 0, 2.4884709738602, 0, 1.4944791251591, 0.072375691828105, 
FN7112 map truncated version0050.CSV, 0050, Spec0050_VoigtK, VoigtK, 0.16064731235192, 870.0734710624, 2.3030263754828, 0, 2.3030263754828, 0, 1.3831082938093, 0.065530335884886, 
FN7112 map truncated version0051.CSV, 0051, Spec0051_VoigtK, VoigtK, 0.1989390134516, 869.96312671589, 2.2619696854821, 0, 2.2619696854821, 0, 1.3584512386141, 0.082623011662265, 
FN7112 map truncated version0052.CSV, 0052, Spec0052_VoigtK, VoigtK, 0.23381557651565, 870.16299987788, 2.5067014101851, 0, 2.5067014101851, 0, 1.5054276179549, 0.087627147857294, 
FN7112 map truncated version0053.CSV, 0053, Spec0053_VoigtK, VoigtK, 0.22087199986409, 870.06464990359, 2.2536893333234, 0, 2.2536893333234, 0, 1.3534783803488, 0.092069218308215, 
FN7112 map truncated version0054.CSV, 0054, Spec0054_VoigtK, VoigtK, 0.21941851519272, 870.04999704246, 2.0787865307891, 0, 2.0787865307891, 0, 1.2484385426071, 0.099158790154043, 
FN7112 map truncated version0055.CSV, 0055, Spec0055_VoigtK, VoigtK, 0.27382247775318, 870.09977412105, 2.3481643131821, 0, 2.3481643131821, 0, 1.4102163880378, 0.10954900922752, 
FN7112 map truncated version0056.CSV, 0056, Spec0056_VoigtK, VoigtK, 0.26445341857077, 870.01712954913, 2.2470281853791, 0, 2.2470281853791, 0, 1.3494779533168, 0.1105626672231, 
FN7112 map truncated version0057.CSV, 0057, Spec0057_VoigtK, VoigtK, 0.24096872410043, 869.99356902258, 2.2062732123052, 0, 2.2062732123052, 0, 1.3250020976025, 0.10260516609822, 
FN7112 map truncated version0058.CSV, 0058, Spec0058_VoigtK, VoigtK, 0.22853246227064, 869.99219074123, 2.2321468288293, 0, 2.2321468288293, 0, 1.3405407879042, 0.09618181800161, 
FN7112 map truncated version0059.CSV, 0059, Spec0059_VoigtK, VoigtK, 0.24541554943233, 869.99010697536, 2.2311558323699, 0, 2.2311558323699, 0, 1.339945633877, 0.10333323206223, 
FN7112 map truncated version0060.CSV, 0060, Spec0060_VoigtK, VoigtK, 0.22847626570251, 870.02748082447, 2.1988928876355, 0, 2.1988928876355, 0, 1.32056976093, 0.097612370340061, 
FN7112 map truncated version0061.CSV, 0061, Spec0061_VoigtK, VoigtK, 0.17918489246913, 870.07669021816, 2.3372060726542, 0, 2.3372060726542, 0, 1.4036352939083, 0.072023168945894, 
FN7112 map truncated version0062.CSV, 0062, Spec0062_VoigtK, VoigtK, 0.16045277434248, 870.00457320535, 2.2994103895461, 0, 2.2994103895461, 0, 1.3809366729401, 0.06555390735923, 
FN7112 map truncated version0063.CSV, 0063, Spec0063_VoigtK, VoigtK, 0.16135321295291, 870.01889144013, 2.282947942858, 0, 2.282947942858, 0, 1.3710499661299, 0.066397151906166, 
FN7112 map truncated version0064.CSV, 0064, Spec0064_VoigtK, VoigtK, 0.10918549109461, 869.86824444231, 1.9642343142756, 0, 1.9642343142756, 0, 1.1796429254919, 0.05222031409877, 
FN7112 map truncated version0065.CSV, 0065, Spec0065_VoigtK, VoigtK, 0.2449666795371, 870.51351956137, 3.0087857209616, 0, 3.0087857209616, 0, 1.8069599763418, 0.076486290341941, 
FN7112 map truncated version0066.CSV, 0066, Spec0066_VoigtK, VoigtK, 0.20207492295158, 870.13963073648, 2.411716858828, 0, 2.411716858828, 0, 1.4483835813932, 0.078714355562299, 
FN7112 map truncated version0067.CSV, 0067, Spec0067_VoigtK, VoigtK, 0.19669019575176, 870.09891518285, 2.3605613025564, 0, 2.3605613025564, 0, 1.4176615389073, 0.078277197915215, 
FN7112 map truncated version0068.CSV, 0068, Spec0068_VoigtK, VoigtK, 0.25273492602376, 870.23852011918, 2.5514847628482, 0, 2.5514847628482, 0, 1.5323227621671, 0.093055088118487, 
FN7112 map truncated version0069.CSV, 0069, Spec0069_VoigtK, VoigtK, 0.23994726074025, 870.07821154441, 2.1587687454738, 0, 2.1587687454738, 0, 1.2964727577882, 0.10441851588109, 
FN7112 map truncated version0070.CSV, 0070, Spec0070_VoigtK, VoigtK, 0.21040926078664, 869.99312422932, 1.9646479330112, 0, 1.9646479330112, 0, 1.1798913288578, 0.10061157707137, 
FN7112 map truncated version0071.CSV, 0071, Spec0071_VoigtK, VoigtK, 0.29671171158728, 870.06653341308, 2.2262181911377, 0, 2.2262181911377, 0, 1.3369802781118, 0.12520878556745, 
FN7112 map truncated version0072.CSV, 0072, Spec0072_VoigtK, VoigtK, 0.25984337959972, 869.99550242881, 2.1161693814495, 0, 2.1161693814495, 0, 1.2708892324234, 0.11535304718937, 
FN7112 map truncated version0073.CSV, 0073, Spec0073_VoigtK, VoigtK, 0.23192679576357, 870.03401801427, 2.1867526307462, 0, 2.1867526307462, 0, 1.313278793631, 0.09963664878213, 
FN7112 map truncated version0074.CSV, 0074, Spec0074_VoigtK, VoigtK, 0.24184526154284, 870.03824595629, 2.2329368671833, 0, 2.2329368671833, 0, 1.3410152542897, 0.10174872599106, 
FN7112 map truncated version0075.CSV, 0075, Spec0075_VoigtK, VoigtK, 0.23673454812215, 869.99303439238, 2.2292174916197, 0, 2.2292174916197, 0, 1.3387815416216, 0.099764732247951, 
FN7112 map truncated version0076.CSV, 0076, Spec0076_VoigtK, VoigtK, 0.19132717709718, 870.00968878399, 2.1191348317662, 0, 2.1191348317662, 0, 1.2726701668372, 0.084817587501179, 
FN7112 map truncated version0077.CSV, 0077, Spec0077_VoigtK, VoigtK, 0.13967719851049, 870.01660653438, 2.0344210791472, 0, 2.0344210791472, 0, 1.2217943735356, 0.064498930065396, 
FN7112 map truncated version0078.CSV, 0078, Spec0078_VoigtK, VoigtK, 0.13201017727447, 869.94985031432, 2.0482483789251, 0, 2.0482483789251, 0, 1.2300985133437, 0.060547000919997, 
FN7112 map truncated version0079.CSV, 0079, Spec0079_VoigtK, VoigtK, 0.13518941367803, 869.93389294794, 2.0270890997816, 0, 2.0270890997816, 0, 1.2173910711772, 0.062652396506984, 
FN7112 map truncated version0080.CSV, 0080, Spec0080_VoigtK, VoigtK, 0.10784522016601, 870.137325672, 2.0770842016631, 0, 2.0770842016631, 0, 1.2474161897769, 0.048776949990736, 
FN7112 map truncated version0081.CSV, 0081, Spec0081_VoigtK, VoigtK, 0.24327076937026, 870.57454451714, 3.3567118008884, 0, 3.3567118008884, 0, 2.0159108819425, 0.068083788649264, 
FN7112 map truncated version0082.CSV, 0082, Spec0082_VoigtK, VoigtK, 0.2269536973857, 870.32319198328, 2.8728007928764, 0, 2.8728007928764, 0, 1.7252927041517, 0.074216350053925, 
FN7112 map truncated version0083.CSV, 0083, Spec0083_VoigtK, VoigtK, 0.16741556066618, 870.13438323696, 2.1797816867183, 0, 2.1797816867183, 0, 1.3090923150898, 0.072152380410995, 
FN7112 map truncated version0084.CSV, 0084, Spec0084_VoigtK, VoigtK, 0.22516613932465, 870.06170676998, 2.3942921648054, 0, 2.3942921648054, 0, 1.4379189861648, 0.088347401168528, 
FN7112 map truncated version0085.CSV, 0085, Spec0085_VoigtK, VoigtK, 0.33637812103145, 870.15558094553, 2.7293732242418, 0, 2.7293732242418, 0, 1.6391556707893, 0.11577976273089, 
FN7112 map truncated version0086.CSV, 0086, Spec0086_VoigtK, VoigtK, 0.25987356853094, 869.98935242721, 2.1931160443149, 0, 2.1931160443149, 0, 1.3171004129479, 0.11131875477482, 
FN7112 map truncated version0087.CSV, 0087, Spec0087_VoigtK, VoigtK, 0.30896262968381, 869.99703756695, 2.2244122413011, 0, 2.2244122413011, 0, 1.3358956947028, 0.13048437751848, 
FN7112 map truncated version0088.CSV, 0088, Spec0088_VoigtK, VoigtK, 0.22422790624394, 869.92474469412, 2.1010194724213, 0, 2.1010194724213, 0, 1.261790784811, 0.10025993662913, 
FN7112 map truncated version0089.CSV, 0089, Spec0089_VoigtK, VoigtK, 0.19706024777138, 869.96246882152, 2.1351565045118, 0, 2.1351565045118, 0, 1.2822921619176, 0.086703604435432, 
FN7112 map truncated version0090.CSV, 0090, Spec0090_VoigtK, VoigtK, 0.21725203143149, 869.9486618481, 2.2602530567132, 0, 2.2602530567132, 0, 1.3574202979731, 0.09029727044225, 
FN7112 map truncated version0091.CSV, 0091, Spec0091_VoigtK, VoigtK, 0.19435690475224, 869.90822987213, 2.1930752785513, 0, 2.1930752785513, 0, 1.3170759306118, 0.083255757451019, 
FN7112 map truncated version0092.CSV, 0092, Spec0092_VoigtK, VoigtK, 0.14759050019511, 869.9533465219, 2.0064585160251, 0, 2.0064585160251, 0, 1.2050011429491, 0.069102866212502, 
FN7112 map truncated version0093.CSV, 0093, Spec0093_VoigtK, VoigtK, 0.12002759525242, 869.92100175314, 2.0980587983832, 0, 2.0980587983832, 0, 1.2600127188448, 0.05374416149897, 
FN7112 map truncated version0094.CSV, 0094, Spec0094_VoigtK, VoigtK, 0.10560754323086, 869.89829711104, 1.9218422450628, 0, 1.9218422450628, 0, 1.1541838933487, 0.051623214707024, 
FN7112 map truncated version0095.CSV, 0095, Spec0095_VoigtK, VoigtK, 0.16161577051285, 870.03355168889, 2.3005160390752, 0, 2.3005160390752, 0, 1.3816006831529, 0.065997321977318, 
FN7112 map truncated version0096.CSV, 0096, Spec0096_VoigtK, VoigtK, 0.097852545172376, 870.01085392387, 2.0710697518219, 0, 2.0710697518219, 0, 1.2438041445366, 0.044385921636959, 
FN7112 map truncated version0097.CSV, 0097, Spec0097_VoigtK, VoigtK, 0.18386936545883, 870.11912671463, 2.4277893460964, 0, 2.4277893460964, 0, 1.4580360937047, 0.071148576869769, 
FN7112 map truncated version0098.CSV, 0098, Spec0098_VoigtK, VoigtK, 0.19350829067752, 870.08108505665, 2.3638767147958, 0, 2.3638767147958, 0, 1.4196526468749, 0.076902878450891, 
FN7112 map truncated version0099.CSV, 0099, Spec0099_VoigtK, VoigtK, 0.13005145614967, 870.0025540941, 1.8048361399451, 0, 1.8048361399451, 0, 1.0839145659378, 0.067693237029435, 
FN7112 map truncated version0100.CSV, 0100, Spec0100_VoigtK, VoigtK, 0.20349757637149, 869.98701675159, 2.1595247321221, 0, 2.1595247321221, 0, 1.2969267740402, 0.088525604413972, 
FN7112 map truncated version0101.CSV, 0101, Spec0101_VoigtK, VoigtK, 0.37289350915893, 870.30149556562, 3.1330320665704, 0, 3.1330320665704, 0, 1.8815775113021, 0.11181184801364, 
FN7112 map truncated version0102.CSV, 0102, Spec0102_VoigtK, VoigtK, 0.28116418753506, 869.97171408286, 2.2989653386238, 0, 2.2989653386238, 0, 1.3806693926222, 0.11489348980413, 
FN7112 map truncated version0103.CSV, 0103, Spec0103_VoigtK, VoigtK, 0.29071719675831, 869.97502534353, 2.1934384462315, 0, 2.1934384462315, 0, 1.3172940350312, 0.12451254568842, 
FN7112 map truncated version0104.CSV, 0104, Spec0104_VoigtK, VoigtK, 0.28261703636807, 869.98845442869, 2.2525140580714, 0, 2.2525140580714, 0, 1.352772555628, 0.11786874770375, 
FN7112 map truncated version0105.CSV, 0105, Spec0105_VoigtK, VoigtK, 0.21477104660456, 870.02677955262, 2.1820253652325, 0, 2.1820253652325, 0, 1.3104397813606, 0.092466363972031, 
FN7112 map truncated version0106.CSV, 0106, Spec0106_VoigtK, VoigtK, 0.20367943817113, 869.99671709756, 2.1451302126013, 0, 2.1451302126013, 0, 1.2882819840601, 0.089199284411046, 
FN7112 map truncated version0107.CSV, 0107, Spec0107_VoigtK, VoigtK, 0.15421793507664, 869.98951425399, 2.1304878551371, 0, 2.1304878551371, 0, 1.2794883522263, 0.068002309506979, 
FN7112 map truncated version0108.CSV, 0108, Spec0108_VoigtK, VoigtK, 0.11728352742283, 869.97230535888, 2.0581179465148, 0, 2.0581179465148, 0, 1.2360257927423, 0.05353460483619, 
FN7112 map truncated version0109.CSV, 0109, Spec0109_VoigtK, VoigtK, 0.097602718490174, 869.86136085356, 2.027158236721, 0, 2.027158236721, 0, 1.2174325921408, 0.045231616122334, 
FN7112 map truncated version0110.CSV, 0110, Spec0110_VoigtK, VoigtK, 0.097311420108176, 869.89913464117, 2.0128959304585, 0, 2.0128959304585, 0, 1.2088672043144, 0.04541615152944, 
FN7112 map truncated version0111.CSV, 0111, Spec0111_VoigtK, VoigtK, 0.12398902667279, 869.95834389617, 2.1509217832318, 0, 2.1509217832318, 0, 1.2917601766933, 0.054153492981313, 
FN7112 map truncated version0112.CSV, 0112, Spec0112_VoigtK, VoigtK, 0.081149276290929, 869.89142261756, 1.8460871913729, 0, 1.8460871913729, 0, 1.1086883470658, 0.041295267488628, 
FN7112 map truncated version0113.CSV, 0113, Spec0113_VoigtK, VoigtK, 0.26139573200152, 870.08396631725, 2.5361018575673, 0, 2.5361018575673, 0, 1.5230843860445, 0.096827705746953, 
FN7112 map truncated version0114.CSV, 0114, Spec0114_VoigtK, VoigtK, 0.2445285227315, 870.04192699226, 2.38448931807, 0, 2.38448931807, 0, 1.4320317767229, 0.09633896684005, 
FN7112 map truncated version0115.CSV, 0115, Spec0115_VoigtK, VoigtK, 0.241665706836, 869.96419539048, 2.3120954196574, 0, 2.3120954196574, 0, 1.3885548099015, 0.098192228192183, 
FN7112 map truncated version0116.CSV, 0116, Spec0116_VoigtK, VoigtK, 0.28810994655084, 869.99411735495, 2.4871313944384, 0, 2.4871313944384, 0, 1.4936746257281, 0.10882467127575, 
FN7112 map truncated version0117.CSV, 0117, Spec0117_VoigtK, VoigtK, 0.32909608671711, 870.00474475437, 2.5805609487682, 0, 2.5805609487682, 0, 1.5497847914023, 0.11980541251667, 
FN7112 map truncated version0118.CSV, 0118, Spec0118_VoigtK, VoigtK, 0.27123066294069, 869.99135954422, 2.4054876983943, 0, 2.4054876983943, 0, 1.4446425893007, 0.10592622296012, 
FN7112 map truncated version0119.CSV, 0119, Spec0119_VoigtK, VoigtK, 0.26822620531944, 870.00475362099, 2.2807522289966, 0, 2.2807522289966, 0, 1.3697313055687, 0.11048185034577, 
FN7112 map truncated version0120.CSV, 0120, Spec0120_VoigtK, VoigtK, 0.25378798624576, 869.94043739504, 2.2304582854074, 0, 2.2304582854074, 0, 1.3395267142331, 0.10689189981576, 
FN7112 map truncated version0121.CSV, 0121, Spec0121_VoigtK, VoigtK, 0.21940307439034, 870.01432083599, 2.2584229728895, 0, 2.2584229728895, 0, 1.3563212206279, 0.091265212136394, 
FN7112 map truncated version0122.CSV, 0122, Spec0122_VoigtK, VoigtK, 0.18398766492612, 869.91493286049, 2.259757637192, 0, 2.259757637192, 0, 1.3571227682288, 0.0764882432578, 
FN7112 map truncated version0123.CSV, 0123, Spec0123_VoigtK, VoigtK, 0.15276593596053, 869.89323415064, 2.2314154687189, 0, 2.2314154687189, 0, 1.3401015613955, 0.064315244864447, 
FN7112 map truncated version0124.CSV, 0124, Spec0124_VoigtK, VoigtK, 0.103718227212, 869.74661439951, 2.1714402688697, 0, 2.1714402688697, 0, 1.3040827831403, 0.044871959931776, 
FN7112 map truncated version0125.CSV, 0125, Spec0125_VoigtK, VoigtK, 0.10223004473648, 869.80638217192, 2.5200510487615, 0, 2.5200510487615, 0, 1.5134448929766, 0.038109833737094, 
FN7112 map truncated version0126.CSV, 0126, Spec0126_VoigtK, VoigtK, 0.11846778471613, 869.78507153518, 2.456369586141, 0, 2.456369586141, 0, 1.4752002770877, 0.045307948438372, 
FN7112 map truncated version0127.CSV, 0127, Spec0127_VoigtK, VoigtK, 0.11526957273199, 869.89948397289, 2.1853561960006, 0, 2.1853561960006, 0, 1.3124401490983, 0.049551897686696, 
FN7112 map truncated version0128.CSV, 0128, Spec0128_VoigtK, VoigtK, 0.10698008891289, 869.94392498014, 2.4699902713128, 0, 2.4699902713128, 0, 1.4833803321791, 0.040688862928444, 
FN7112 map truncated version0129.CSV, 0129, Spec0129_VoigtK, VoigtK, 0.22986435166803, 869.93619492576, 2.2871933451243, 0, 2.2871933451243, 0, 1.373599590028, 0.094414041210743, 
FN7112 map truncated version0130.CSV, 0130, Spec0130_VoigtK, VoigtK, 0.21402567655338, 869.92106438435, 2.2822275119523, 0, 2.2822275119523, 0, 1.3706173032774, 0.088099771853956, 
FN7112 map truncated version0131.CSV, 0131, Spec0131_VoigtK, VoigtK, 0.28447860404085, 869.96447718325, 2.3696235882499, 0, 2.3696235882499, 0, 1.4231039961179, 0.11278155687353, 
FN7112 map truncated version0132.CSV, 0132, Spec0132_VoigtK, VoigtK, 0.28167387689617, 869.98903949646, 2.2939603943556, 0, 2.2939603943556, 0, 1.3776636172645, 0.11535289475258, 
FN7112 map truncated version0133.CSV, 0133, Spec0133_VoigtK, VoigtK, 0.28869747478675, 870.01209073099, 2.323516386142, 0, 2.323516386142, 0, 1.3954137992888, 0.1167253237506, 
FN7112 map truncated version0134.CSV, 0134, Spec0134_VoigtK, VoigtK, 0.26760486901894, 869.97303802204, 2.2584459536971, 0, 2.2584459536971, 0, 1.3563350220093, 0.11131460528217, 
FN7112 map truncated version0135.CSV, 0135, Spec0135_VoigtK, VoigtK, 0.25405173410334, 869.97076259243, 2.2823807247303, 0, 2.2823807247303, 0, 1.3707093169279, 0.10456874946416, 
FN7112 map truncated version0136.CSV, 0136, Spec0136_VoigtK, VoigtK, 0.26643248464102, 870.03640791712, 2.3103638922804, 0, 2.3103638922804, 0, 1.3875149217345, 0.10833645686826, 
FN7112 map truncated version0137.CSV, 0137, Spec0137_VoigtK, VoigtK, 0.21197623226298, 869.98386006163, 2.2156058676401, 0, 2.2156058676401, 0, 1.3306069283306, 0.089879884068639, 
FN7112 map truncated version0138.CSV, 0138, Spec0138_VoigtK, VoigtK, 0.1532326114182, 869.94160695816, 2.2397892143734, 0, 2.2397892143734, 0, 1.345130508171, 0.06427053211768, 
FN7112 map truncated version0139.CSV, 0139, Spec0139_VoigtK, VoigtK, 0.13298252377579, 869.94845966365, 2.199139814708, 0, 2.199139814708, 0, 1.3207180557502, 0.056808009344232, 
FN7112 map truncated version0140.CSV, 0140, Spec0140_VoigtK, VoigtK, 0.099306075444385, 869.79191977674, 2.2819445705054, 0, 2.2819445705054, 0, 1.3704473796213, 0.040882605827014, 
FN7112 map truncated version0141.CSV, 0141, Spec0141_VoigtK, VoigtK, 0.087597954675138, 869.8137498961, 2.357963961526, 0, 2.357963961526, 0, 1.4161016766499, 0.034899937112047, 
FN7112 map truncated version0142.CSV, 0142, Spec0142_VoigtK, VoigtK, 0.09788826044249, 869.86853025218, 2.2393993244349, 0, 2.2393993244349, 0, 1.3448963554, 0.041064535014278, 
FN7112 map truncated version0143.CSV, 0143, Spec0143_VoigtK, VoigtK, 0.10050527870443, 869.71690278099, 2.2994469363098, 0, 2.2994469363098, 0, 1.3809586215085, 0.041061359271074, 
FN7112 map truncated version0144.CSV, 0144, Spec0144_VoigtK, VoigtK, 0.080174728000945, 870.00792358099, 2.4708060852075, 0, 2.4708060852075, 0, 1.4838702783543, 0.03048362950187, 
FN7112 map truncated version0145.CSV, 0145, Spec0145_VoigtK, VoigtK, 0.21844836784776, 870.00923964751, 2.3404184692843, 0, 2.3404184692843, 0, 1.4055645346975, 0.087684560425637, 
FN7112 map truncated version0146.CSV, 0146, Spec0146_VoigtK, VoigtK, 0.24912883778143, 870.02670535041, 2.4197322600951, 0, 2.4197322600951, 0, 1.4531973204318, 0.096721835374321, 
FN7112 map truncated version0147.CSV, 0147, Spec0147_VoigtK, VoigtK, 0.25649107005674, 870.02996305111, 2.4766471846468, 0, 2.4766471846468, 0, 1.4873782160686, 0.097291735004869, 
FN7112 map truncated version0148.CSV, 0148, Spec0148_VoigtK, VoigtK, 0.27134938670711, 870.0829213289, 2.4493913178561, 0, 2.4493913178561, 0, 1.471009399882, 0.10407310500161, 
FN7112 map truncated version0149.CSV, 0149, Spec0149_VoigtK, VoigtK, 0.2954240173993, 870.1335075403, 2.4064139831192, 0, 2.4064139831192, 0, 1.4451988799708, 0.11533026736024, 
FN7112 map truncated version0150.CSV, 0150, Spec0150_VoigtK, VoigtK, 0.21811537992924, 870.12913523082, 2.2056792940709, 0, 2.2056792940709, 0, 1.3246454133524, 0.092899155348986, 
FN7112 map truncated version0151.CSV, 0151, Spec0151_VoigtK, VoigtK, 0.17233192741792, 870.06855844113, 1.9928048866634, 0, 1.9928048866634, 0, 1.1968013028552, 0.081239792871551, 
FN7112 map truncated version0152.CSV, 0152, Spec0152_VoigtK, VoigtK, 0.21778615931914, 870.07434190771, 2.3744870960584, 0, 2.3744870960584, 0, 1.426024830225, 0.086164486460524, 
FN7112 map truncated version0153.CSV, 0153, Spec0153_VoigtK, VoigtK, 0.16457872045391, 870.09124036067, 2.501689458768, 0, 2.501689458768, 0, 1.5024176343756, 0.061802796172132, 
FN7112 map truncated version0154.CSV, 0154, Spec0154_VoigtK, VoigtK, 0.13510957864149, 870.02541914421, 2.733399869963, 0, 2.733399869963, 0, 1.6415739179932, 0.046435573298617, 
FN7112 map truncated version0155.CSV, 0155, Spec0155_VoigtK, VoigtK, 0.10349944141662, 870.03440286547, 2.4467413110904, 0, 2.4467413110904, 0, 1.4694179086271, 0.039739078561967, 
FN7112 map truncated version0156.CSV, 0156, Spec0156_VoigtK, VoigtK, 0.097765191808876, 870.08634863036, 2.4860912466003, 0, 2.4860912466003, 0, 1.4930499532897, 0.036943244468105, 
FN7112 map truncated version0157.CSV, 0157, Spec0157_VoigtK, VoigtK, 0.095615426425143, 870.04738309585, 2.5119892341813, 0, 2.5119892341813, 0, 1.5086032799027, 0.035758396368987, 
FN7112 map truncated version0158.CSV, 0158, Spec0158_VoigtK, VoigtK, 0.10111576242839, 870.08479224759, 2.7664490266796, 0, 2.7664490266796, 0, 1.6614219593552, 0.034337132944504, 
FN7112 map truncated version0159.CSV, 0159, Spec0159_VoigtK, VoigtK, 0.130869099642, 870.09483488909, 2.6571236864249, 0, 2.6571236864249, 0, 1.5957654013411, 0.046269327287115, 
FN7112 map truncated version0160.CSV, 0160, Spec0160_VoigtK, VoigtK, 0.11607607687562, 870.1759412871, 2.6026302207763, 0, 2.6026302207763, 0, 1.5630387399796, 0.041898463297242, 
FN7112 map truncated version0161.CSV, 0161, Spec0161_VoigtK, VoigtK, 0.23676927722652, 870.00220901051, 2.3666241050694, 0, 2.3666241050694, 0, 1.4213026228865, 0.093986160082042, 
FN7112 map truncated version0162.CSV, 0162, Spec0162_VoigtK, VoigtK, 0.25165221928405, 870.06869141356, 2.4529224068555, 0, 2.4529224068555, 0, 1.4731300349443, 0.096379528184281, 
FN7112 map truncated version0163.CSV, 0163, Spec0163_VoigtK, VoigtK, 0.25615786535568, 870.04664148116, 2.3457254224226, 0, 2.3457254224226, 0, 1.4087516848659, 0.10258842502792, 
FN7112 map truncated version0164.CSV, 0164, Spec0164_VoigtK, VoigtK, 0.28222542273205, 870.06305747736, 2.4673893843378, 0, 2.4673893843378, 0, 1.481818340365, 0.10745491425089, 
FN7112 map truncated version0165.CSV, 0165, Spec0165_VoigtK, VoigtK, 0.46414232092982, 870.65877270282, 3.4628452350773, 0, 3.4628452350773, 0, 2.0796505050054, 0.12591745263864, 
FN7112 map truncated version0166.CSV, 0166, Spec0166_VoigtK, VoigtK, 0.25663837438877, 870.24899049451, 2.4802166680422, 0, 2.4802166680422, 0, 1.4895219093156, 0.097207509284601, 
FN7112 map truncated version0167.CSV, 0167, Spec0167_VoigtK, VoigtK, 0.19432773941358, 870.0236732234, 2.2801972282058, 0, 2.2801972282058, 0, 1.3693979936254, 0.080062699048577, 
FN7112 map truncated version0168.CSV, 0168, Spec0168_VoigtK, VoigtK, 0.1969718300449, 870.07836698902, 2.6504818315948, 0, 2.6504818315948, 0, 1.5917765610049, 0.069814740795765, 
FN7112 map truncated version0169.CSV, 0169, Spec0169_VoigtK, VoigtK, 0.13692549645007, 870.09868909279, 2.4652391215911, 0, 2.4652391215911, 0, 1.48052697598, 0.052178683186265, 
FN7112 map truncated version0170.CSV, 0170, Spec0170_VoigtK, VoigtK, 0.090141892311339, 869.86589645892, 2.1658166132243, 0, 2.1658166132243, 0, 1.3007054337328, 0.039099646566425, 
FN7112 map truncated version0171.CSV, 0171, Spec0171_VoigtK, VoigtK, 0.097906630922314, 869.87876157098, 2.2070684492939, 0, 2.2070684492939, 0, 1.3254796860862, 0.041673900016225, 
FN7112 map truncated version0172.CSV, 0172, Spec0172_VoigtK, VoigtK, 0.074763959647392, 869.95646469385, 2.2042332286254, 0, 2.2042332286254, 0, 1.3237769625468, 0.031864168571919, 
FN7112 map truncated version0173.CSV, 0173, Spec0173_VoigtK, VoigtK, 0.10146942247831, 869.94275771099, 2.3119260177234, 0, 2.3119260177234, 0, 1.388453073672, 0.041231496491243, 
FN7112 map truncated version0174.CSV, 0174, Spec0174_VoigtK, VoigtK, 0.13857974827003, 869.90164010073, 2.3261793064005, 0, 2.3261793064005, 0, 1.3970130458865, 0.055966019798633, 
FN7112 map truncated version0175.CSV, 0175, Spec0175_VoigtK, VoigtK, 0.18610091555032, 870.02351373956, 2.2508942836871, 0, 2.2508942836871, 0, 1.351799781973, 0.077671421433041, 
FN7112 map truncated version0176.CSV, 0176, Spec0176_VoigtK, VoigtK, 0.19193862686978, 870.21357664487, 2.4921284255869, 0, 2.4921284255869, 0, 1.4966756487731, 0.072353543640738, 
FN7112 map truncated version0177.CSV, 0177, Spec0177_VoigtK, VoigtK, 0.21440114001714, 869.93789845378, 2.2930382599378, 0, 2.2930382599378, 0, 1.377109819108, 0.087838241104613, 
FN7112 map truncated version0178.CSV, 0178, Spec0178_VoigtK, VoigtK, 0.25476263569083, 870.0382982695, 2.2177151255929, 0, 2.2177151255929, 0, 1.3318736668271, 0.10791897613745, 
FN7112 map truncated version0179.CSV, 0179, Spec0179_VoigtK, VoigtK, 0.2424444050453, 870.03042762366, 2.3169763744404, 0, 2.3169763744404, 0, 1.3914861219846, 0.098301105602766, 
FN7112 map truncated version0180.CSV, 0180, Spec0180_VoigtK, VoigtK, 0.27381531869335, 870.00547469989, 2.3342433676724, 0, 2.3342433676724, 0, 1.4018560082362, 0.11019945567224, 
FN7112 map truncated version0181.CSV, 0181, Spec0181_VoigtK, VoigtK, 0.40591182379515, 870.34284130804, 2.8912686608945, 0, 2.8912686608945, 0, 1.7363837892112, 0.1318897651241, 
FN7112 map truncated version0182.CSV, 0182, Spec0182_VoigtK, VoigtK, 0.34393232255334, 870.62567593652, 3.2120913565526, 0, 3.2120913565526, 0, 1.9290574537123, 0.10058956854203, 
FN7112 map truncated version0183.CSV, 0183, Spec0183_VoigtK, VoigtK, 0.16549180055597, 869.98148418505, 2.0111001915263, 0, 2.0111001915263, 0, 1.2077887531785, 0.07730553950014, 
FN7112 map truncated version0184.CSV, 0184, Spec0184_VoigtK, VoigtK, 0.16684782091938, 870.0200031938, 2.2861278999344, 0, 2.2861278999344, 0, 1.3729597249816, 0.068562691322387, 
FN7112 map truncated version0185.CSV, 0185, Spec0185_VoigtK, VoigtK, 0.12014553038904, 869.9378004866, 2.3783874474592, 0, 2.3783874474592, 0, 1.4283672299598, 0.047456188726627, 
FN7112 map truncated version0186.CSV, 0186, Spec0186_VoigtK, VoigtK, 0.095665019371028, 870.01968191396, 2.0541850060753, 0, 2.0541850060753, 0, 1.2336638212951, 0.043750341820412, 
FN7112 map truncated version0187.CSV, 0187, Spec0187_VoigtK, VoigtK, 0.097845660030028, 870.0348377535, 2.1549542745729, 0, 2.1549542745729, 0, 1.2941819345498, 0.042655137806625, 
FN7112 map truncated version0188.CSV, 0188, Spec0188_VoigtK, VoigtK, 0.099244505936992, 869.97757798846, 2.2042859764546, 0, 2.2042859764546, 0, 1.3238086408467, 0.042296689582745, 
FN7112 map truncated version0189.CSV, 0189, Spec0189_VoigtK, VoigtK, 0.12483137411083, 869.97203028819, 2.3807040981906, 0, 2.3807040981906, 0, 1.4297585205133, 0.049259066030073, 
FN7112 map truncated version0190.CSV, 0190, Spec0190_VoigtK, VoigtK, 0.16079623642018, 869.99980816921, 2.2210193306121, 0, 2.2210193306121, 0, 1.333858044173, 0.068012914022503, 
FN7112 map truncated version0191.CSV, 0191, Spec0191_VoigtK, VoigtK, 0.22983652379704, 870.05584637208, 2.3487812364325, 0, 2.3487812364325, 0, 1.4105868882081, 0.091927260339043, 
FN7112 map truncated version0192.CSV, 0192, Spec0192_VoigtK, VoigtK, 0.21091936742702, 870.03247898842, 2.177488720064, 0, 2.177488720064, 0, 1.3077152482743, 0.090997275143479, 
FN7112 map truncated version0193.CSV, 0193, Spec0193_VoigtK, VoigtK, 0.24391707302885, 869.93447576747, 2.2457565467861, 0, 2.2457565467861, 0, 1.3487142565118, 0.10203457670366, 
FN7112 map truncated version0194.CSV, 0194, Spec0194_VoigtK, VoigtK, 0.2475311900881, 869.96002069442, 2.2999620532402, 0, 2.2999620532402, 0, 1.3812679807526, 0.10110603999009, 
FN7112 map truncated version0195.CSV, 0195, Spec0195_VoigtK, VoigtK, 0.23214493598331, 869.97847914005, 2.2804983074242, 0, 2.2804983074242, 0, 1.3695788101234, 0.095630692735847, 
FN7112 map truncated version0196.CSV, 0196, Spec0196_VoigtK, VoigtK, 0.28851384547427, 869.99504580571, 2.2468013946328, 0, 2.2468013946328, 0, 1.3493417515931, 0.12063402435905, 
FN7112 map truncated version0197.CSV, 0197, Spec0197_VoigtK, VoigtK, 0.2589401074959, 869.98426911296, 2.2984012789947, 0, 2.2984012789947, 0, 1.380330640292, 0.10583792358363, 
FN7112 map truncated version0198.CSV, 0198, Spec0198_VoigtK, VoigtK, 0.18578920407678, 870.00670767401, 1.942965536652, 0, 1.942965536652, 0, 1.1668697227863, 0.089830376197449, 
FN7112 map truncated version0199.CSV, 0199, Spec0199_VoigtK, VoigtK, 0.12200976007574, 870.04510067752, 1.7443771172484, 0, 1.7443771172484, 0, 1.0476052224507, 0.065708572711036, 
FN7112 map truncated version0200.CSV, 0200, Spec0200_VoigtK, VoigtK, 0.1554365645981, 869.98588035512, 2.1914268228663, 0, 2.1914268228663, 0, 1.3160859320802, 0.066633719702653, 
FN7112 map truncated version0201.CSV, 0201, Spec0201_VoigtK, VoigtK, 0.14039242376875, 870.07983157272, 2.2307407050943, 0, 2.2307407050943, 0, 1.3396963245404, 0.059123811188214, 
FN7112 map truncated version0202.CSV, 0202, Spec0202_VoigtK, VoigtK, 0.15948727571299, 869.96566048168, 2.2267029341203, 0, 2.2267029341203, 0, 1.3372713959412, 0.067287067281452, 
FN7112 map truncated version0203.CSV, 0203, Spec0203_VoigtK, VoigtK, 0.144310052485, 869.96201004216, 2.1979356158354, 0, 2.1979356158354, 0, 1.3199948606249, 0.061680723575345, 
FN7112 map truncated version0204.CSV, 0204, Spec0204_VoigtK, VoigtK, 0.14749804874131, 869.93943684994, 2.2643388444923, 0, 2.2643388444923, 0, 1.3598740636027, 0.061194543554442, 
FN7112 map truncated version0205.CSV, 0205, Spec0205_VoigtK, VoigtK, 0.15561949052401, 869.9965419397, 2.2217821284116, 0, 2.2217821284116, 0, 1.3343161509382, 0.065800676965023, 
FN7112 map truncated version0206.CSV, 0206, Spec0206_VoigtK, VoigtK, 0.20023269521391, 869.95021562688, 2.1972862492012, 0, 2.1972862492012, 0, 1.3196048762169, 0.085608363858295, 
FN7112 map truncated version0207.CSV, 0207, Spec0207_VoigtK, VoigtK, 0.19977164302873, 870.03356044404, 2.3537490669246, 0, 2.3537490669246, 0, 1.4135703744717, 0.079733627385284, 
FN7112 map truncated version0208.CSV, 0208, Spec0208_VoigtK, VoigtK, 0.24616284014677, 870.04661258087, 2.2688889991, 0, 2.2688889991, 0, 1.3626067099341, 0.10192414715919, 
FN7112 map truncated version0209.CSV, 0209, Spec0209_VoigtK, VoigtK, 0.24870097112854, 869.93498750579, 2.2185850553797, 0, 2.2185850553797, 0, 1.3323961129076, 0.10530990949044, 
FN7112 map truncated version0210.CSV, 0210, Spec0210_VoigtK, VoigtK, 0.27432646206187, 869.94814768404, 2.3112661208329, 0, 2.3112661208329, 0, 1.3880567652007, 0.11150275314188, 
FN7112 map truncated version0211.CSV, 0211, Spec0211_VoigtK, VoigtK, 0.22619023419044, 869.91183053251, 2.1315627262931, 0, 2.1315627262931, 0, 1.2801338781423, 0.099688158732632, 
FN7112 map truncated version0212.CSV, 0212, Spec0212_VoigtK, VoigtK, 0.25433964406862, 869.97121696736, 2.2184231154605, 0, 2.2184231154605, 0, 1.3322988580747, 0.10770541016612, 
FN7112 map truncated version0213.CSV, 0213, Spec0213_VoigtK, VoigtK, 0.2745830844801, 870.01610875457, 2.2603565439704, 0, 2.2603565439704, 0, 1.357482448405, 0.11412076431018, 
FN7112 map truncated version0214.CSV, 0214, Spec0214_VoigtK, VoigtK, 0.20308558937296, 870.03626074126, 2.0195966999969, 0, 2.0195966999969, 0, 1.2128914265387, 0.094467472722361, 
FN7112 map truncated version0215.CSV, 0215, Spec0215_VoigtK, VoigtK, 0.17016396400303, 870.02107781469, 2.0572287175582, 0, 2.0572287175582, 0, 1.2354917563291, 0.077705696487698, 
FN7112 map truncated version0216.CSV, 0216, Spec0216_VoigtK, VoigtK, 0.22891966485176, 870.13551555215, 2.2229029241093, 0, 2.2229029241093, 0, 1.3349892573523, 0.096745427023983, 
FN7112 map truncated version0217.CSV, 0217, Spec0217_VoigtK, VoigtK, 0.29722159273961, 870.14605548498, 2.2889430557254, 0, 2.2889430557254, 0, 1.3746503983339, 0.12198690432311, 
FN7112 map truncated version0218.CSV, 0218, Spec0218_VoigtK, VoigtK, 0.26496547533648, 870.05969782368, 2.3113577314684, 0, 2.3113577314684, 0, 1.3881117829943, 0.10769361721204, 
FN7112 map truncated version0219.CSV, 0219, Spec0219_VoigtK, VoigtK, 0.20966775381173, 870.05664496881, 2.1836582609819, 0, 2.1836582609819, 0, 1.3114204351985, 0.090201718406251, 
FN7112 map truncated version0220.CSV, 0220, Spec0220_VoigtK, VoigtK, 0.18848854840099, 870.01647086551, 2.3708539977803, 0, 2.3708539977803, 0, 1.4238429323474, 0.074687513550151, 
FN7112 map truncated version0221.CSV, 0221, Spec0221_VoigtK, VoigtK, 0.18012076008659, 870.01482786171, 2.3005830235638, 0, 2.3005830235638, 0, 1.3816409114381, 0.073551867127402, 
FN7112 map truncated version0222.CSV, 0222, Spec0222_VoigtK, VoigtK, 0.23661636924483, 869.94690171621, 2.2555473245738, 0, 2.2555473245738, 0, 1.3545942178119, 0.098550920256016, 
FN7112 map truncated version0223.CSV, 0223, Spec0223_VoigtK, VoigtK, 0.20433793305677, 869.98864461726, 2.2127198291015, 0, 2.2127198291015, 0, 1.32887368555, 0.086754180138407, 
FN7112 map truncated version0224.CSV, 0224, Spec0224_VoigtK, VoigtK, 0.23701266351605, 870.04031378375, 2.3113969268772, 0, 2.3113969268772, 0, 1.3881353222362, 0.096330732114741, 
FN7112 map truncated version0225.CSV, 0225, Spec0225_VoigtK, VoigtK, 0.24400012968321, 869.95761404966, 2.240439822624, 0, 2.240439822624, 0, 1.3455212382456, 0.1023115384947, 
FN7112 map truncated version0226.CSV, 0226, Spec0226_VoigtK, VoigtK, 0.2774767001132, 869.98987108337, 2.407672622549, 0, 2.407672622549, 0, 1.4459547699826, 0.10826720571979, 
FN7112 map truncated version0227.CSV, 0227, Spec0227_VoigtK, VoigtK, 0.22774018157889, 869.99535489261, 2.2975221997797, 0, 2.2975221997797, 0, 1.3798026994198, 0.093121033589183, 
FN7112 map truncated version0228.CSV, 0228, Spec0228_VoigtK, VoigtK, 0.27343004669403, 870.00638048962, 2.3120444063029, 0, 2.3120444063029, 0, 1.3885241732599, 0.111100984437, 
FN7112 map truncated version0229.CSV, 0229, Spec0229_VoigtK, VoigtK, 0.26595251339205, 870.02669918438, 2.3707945006347, 0, 2.3707945006347, 0, 1.42380720067, 0.10538481304955, 
FN7112 map truncated version0230.CSV, 0230, Spec0230_VoigtK, VoigtK, 0.31266548873675, 870.04030715345, 2.301109429024, 0, 2.301109429024, 0, 1.3819570501353, 0.1276469720182, 
FN7112 map truncated version0231.CSV, 0231, Spec0231_VoigtK, VoigtK, 0.31176375338236, 870.18391108034, 2.4623378349254, 0, 2.4623378349254, 0, 1.4787845757658, 0.11894489977566, 
FN7112 map truncated version0232.CSV, 0232, Spec0232_VoigtK, VoigtK, 0.27678315861107, 870.15564652499, 2.364222209626, 0, 2.364222209626, 0, 1.4198601376662, 0.10998139145028, 
FN7112 map truncated version0233.CSV, 0233, Spec0233_VoigtK, VoigtK, 0.47871478348228, 870.21095791887, 2.4281981767009, 0, 2.4281981767009, 0, 1.458281621505, 0.18520834559311, 
FN7112 map truncated version0234.CSV, 0234, Spec0234_VoigtK, VoigtK, 0.4395332178842, 870.19833107261, 2.3705994310641, 0, 2.3705994310641, 0, 1.4236900494538, 0.17418123615471, 
FN7112 map truncated version0235.CSV, 0235, Spec0235_VoigtK, VoigtK, 0.33596974708601, 870.21085886807, 2.439567259249, 0, 2.439567259249, 0, 1.4651094514129, 0.12937644631703, 
FN7112 map truncated version0236.CSV, 0236, Spec0236_VoigtK, VoigtK, 0.26090792943811, 870.11299956507, 2.4059259169594, 0, 2.4059259169594, 0, 1.44490576637, 0.1018762309819, 
FN7112 map truncated version0237.CSV, 0237, Spec0237_VoigtK, VoigtK, 0.24435285285603, 870.07088766667, 2.408519279767, 0, 2.408519279767, 0, 1.4464632394612, 0.095309266744486, 
FN7112 map truncated version0238.CSV, 0238, Spec0238_VoigtK, VoigtK, 0.26860420889882, 870.00107549791, 2.4862279044222, 0, 2.4862279044222, 0, 1.4931320246758, 0.10149384804476, 
FN7112 map truncated version0239.CSV, 0239, Spec0239_VoigtK, VoigtK, 0.24945127884325, 870.03195634101, 2.5422245074169, 0, 2.5422245074169, 0, 1.5267614120123, 0.092180630710198, 
FN7112 map truncated version0240.CSV, 0240, Spec0240_VoigtK, VoigtK, 0.23114569730391, 869.95329541522, 2.5067011775911, 0, 2.5067011775911, 0, 1.505427478268, 0.086626564301104, 
FN7112 map truncated version0241.CSV, 0241, Spec0241_VoigtK, VoigtK, 0.226549106299, 869.95267505943, 2.3941626081145, 0, 2.3941626081145, 0, 1.4378411794425, 0.088894839708543, 
FN7112 map truncated version0242.CSV, 0242, Spec0242_VoigtK, VoigtK, 0.22848706129753, 870.00722347809, 2.3293855096035, 0, 2.3293855096035, 0, 1.3989385671436, 0.092148460521741, 
FN7112 map truncated version0243.CSV, 0243, Spec0243_VoigtK, VoigtK, 0.22877908290891, 869.95857785607, 2.3132587670921, 0, 2.3132587670921, 0, 1.389253471238, 0.092909460778747, 
FN7112 map truncated version0244.CSV, 0244, Spec0244_VoigtK, VoigtK, 0.25655829117201, 869.96213771733, 2.4941717444317, 0, 2.4941717444317, 0, 1.4979027867994, 0.096633462453588, 
FN7112 map truncated version0245.CSV, 0245, Spec0245_VoigtK, VoigtK, 0.27227845801817, 870.04114172971, 2.3875103539558, 0, 2.3875103539558, 0, 1.433846093673, 0.10713610674722, 
FN7112 map truncated version0246.CSV, 0246, Spec0246_VoigtK, VoigtK, 0.28419828609767, 869.97051501947, 2.3023056130275, 0, 2.3023056130275, 0, 1.3826754318411, 0.11596483751733, 
FN7112 map truncated version0247.CSV, 0247, Spec0247_VoigtK, VoigtK, 0.30147537919704, 870.11602161993, 2.3632635861639, 0, 2.3632635861639, 0, 1.4192844256052, 0.119841580621, 
FN7112 map truncated version0248.CSV, 0248, Spec0248_VoigtK, VoigtK, 0.37169757640356, 870.16624884853, 2.3668645552775, 0, 2.3668645552775, 0, 1.4214470279531, 0.14753129853734, 
FN7112 map truncated version0249.CSV, 0249, Spec0249_VoigtK, VoigtK, 0.45350759918419, 870.2257958757, 2.3702643102196, 0, 2.3702643102196, 0, 1.4234887888758, 0.17974450941966, 
FN7112 map truncated version0250.CSV, 0250, Spec0250_VoigtK, VoigtK, 0.5033251295802, 870.24399763249, 2.3591725532043, 0, 2.3591725532043, 0, 1.4168275099238, 0.20042724122021, 
FN7112 map truncated version0251.CSV, 0251, Spec0251_VoigtK, VoigtK, 0.40837841787978, 870.20422148715, 2.4304587319449, 0, 2.4304587319449, 0, 1.4596392232849, 0.15784919540675, 
FN7112 map truncated version0252.CSV, 0252, Spec0252_VoigtK, VoigtK, 0.29595141941615, 870.25753416478, 2.4664730496205, 0, 2.4664730496205, 0, 1.4812680252835, 0.11272283281988, 
FN7112 map truncated version0253.CSV, 0253, Spec0253_VoigtK, VoigtK, 0.20033868326509, 870.05544406882, 2.1919406810182, 0, 2.1919406810182, 0, 1.3163945353508, 0.085862565301383, 
FN7112 map truncated version0254.CSV, 0254, Spec0254_VoigtK, VoigtK, 0.21585651723589, 869.89977216258, 2.4500998960824, 0, 2.4500998960824, 0, 1.471434944475, 0.082765475660649, 
FN7112 map truncated version0255.CSV, 0255, Spec0255_VoigtK, VoigtK, 0.22399059066864, 870.00917475051, 2.6478414578902, 0, 2.6478414578902, 0, 1.5901908549928, 0.079470443900508, 
FN7112 map truncated version0256.CSV, 0256, Spec0256_VoigtK, VoigtK, 0.2302459787496, 870.02298931542, 2.4976095831504, 0, 2.4976095831504, 0, 1.4999674193609, 0.086603479964387, 
FN7112 map truncated version0257.CSV, 0257, Spec0257_VoigtK, VoigtK, 0.11401756042106, 869.91875005121, 2.2682726938026, 0, 2.2682726938026, 0, 1.3622365808824, 0.047221993963676, 
FN7112 map truncated version0258.CSV, 0258, Spec0258_VoigtK, VoigtK, 0.30734330046963, 870.54272721911, 3.7986536991127, 0, 3.7986536991127, 0, 2.2813240406119, 0.076008452233082, 
FN7112 map truncated version0259.CSV, 0259, Spec0259_VoigtK, VoigtK, 0.20166550602285, 869.88236754133, 2.2438162906011, 0, 2.2438162906011, 0, 1.3475490139205, 0.084432989261967, 
FN7112 map truncated version0260.CSV, 0260, Spec0260_VoigtK, VoigtK, 0.14019738386529, 869.93123679821, 2.2037488381043, 0, 2.2037488381043, 0, 1.3234860563921, 0.059764825375098, 
FN7112 map truncated version0261.CSV, 0261, Spec0261_VoigtK, VoigtK, 0.18262348018149, 869.92038077333, 2.2466324689009, 0, 2.2466324689009, 0, 1.3492403013521, 0.076364660475253, 
FN7112 map truncated version0262.CSV, 0262, Spec0262_VoigtK, VoigtK, 0.14499303576791, 869.96143708306, 2.20890654193, 0, 2.20890654193, 0, 1.3265835732135, 0.061664844847132, 
FN7112 map truncated version0263.CSV, 0263, Spec0263_VoigtK, VoigtK, 0.1825809144385, 870.04122841534, 2.2596185152373, 0, 2.2596185152373, 0, 1.3570392169801, 0.075908095412184, 
FN7112 map truncated version0264.CSV, 0264, Spec0264_VoigtK, VoigtK, 0.29252663294451, 870.02871008173, 2.2411055010453, 0, 2.2411055010453, 0, 1.34592101888, 0.12262272197018, 
FN7112 map truncated version0265.CSV, 0265, Spec0265_VoigtK, VoigtK, 0.36075263712759, 870.16228108085, 2.3485603365708, 0, 2.3485603365708, 0, 1.4104542243211, 0.14430309105972, 
FN7112 map truncated version0266.CSV, 0266, Spec0266_VoigtK, VoigtK, 0.36097408722038, 870.17158869863, 2.238354943362, 0, 2.238354943362, 0, 1.344269140645, 0.15150079553309, 
FN7112 map truncated version0267.CSV, 0267, Spec0267_VoigtK, VoigtK, 0.31512542125361, 870.14428415681, 2.2775129688455, 0, 2.2775129688455, 0, 1.367785931591, 0.12998415707482, 
FN7112 map truncated version0268.CSV, 0268, Spec0268_VoigtK, VoigtK, 0.22690391956436, 870.11201014931, 2.2552591462846, 0, 2.2552591462846, 0, 1.3544211491115, 0.094517752642256, 
FN7112 map truncated version0269.CSV, 0269, Spec0269_VoigtK, VoigtK, 0.14300796181254, 870.01672358336, 2.4579129398101, 0, 2.4579129398101, 0, 1.476127155426, 0.054658984993729, 
FN7112 map truncated version0270.CSV, 0270, Spec0270_VoigtK, VoigtK, 0.12963007593084, 869.85819357847, 2.2564885224611, 0, 2.2564885224611, 0, 1.3551594647487, 0.053968517488624, 
FN7112 map truncated version0271.CSV, 0271, Spec0271_VoigtK, VoigtK, 0.13396308387946, 869.89510823412, 2.3209353946208, 0, 2.3209353946208, 0, 1.3938637559123, 0.054223797120807, 
FN7112 map truncated version0272.CSV, 0272, Spec0272_VoigtK, VoigtK, 0.20293133638722, 870.02106177178, 2.6803874122336, 0, 2.6803874122336, 0, 1.6097366925314, 0.071124526355629, 
FN7112 map truncated version0273.CSV, 0273, Spec0273_VoigtK, VoigtK, 0.22777276280226, 871.0643334081, 4.5770017450961, 0, 4.5770017450961, 0, 2.7487696805448, 0.04675074685875, 
FN7112 map truncated version0274.CSV, 0274, Spec0274_VoigtK, VoigtK, 0.12453390468421, 869.89995393041, 2.4711188839797, 0, 2.4711188839797, 0, 1.4840581331617, 0.04734365765538, 
FN7112 map truncated version0275.CSV, 0275, Spec0275_VoigtK, VoigtK, 0.18515074032698, 869.9702253431, 2.4247402310622, 0, 2.4247402310622, 0, 1.4562049135074, 0.071734500112111, 
FN7112 map truncated version0276.CSV, 0276, Spec0276_VoigtK, VoigtK, 0.091959333121576, 869.72713625839, 2.4877305916481, 0, 2.4877305916481, 0, 1.494034480326, 0.034726443549513, 
FN7112 map truncated version0277.CSV, 0277, Spec0277_VoigtK, VoigtK, 0.094049528298891, 869.79545185779, 2.229636879904, 0, 2.229636879904, 0, 1.3390334099547, 0.039626920534465, 
FN7112 map truncated version0278.CSV, 0278, Spec0278_VoigtK, VoigtK, 0.11355175481681, 869.94183113699, 2.1419440992572, 0, 2.1419440992572, 0, 1.2863685279928, 0.049802776968031, 
FN7112 map truncated version0279.CSV, 0279, Spec0279_VoigtK, VoigtK, 0.10597170087045, 869.97601262453, 2.0530285190671, 0, 2.0530285190671, 0, 1.2329692800646, 0.048491181309981, 
FN7112 map truncated version0280.CSV, 0280, Spec0280_VoigtK, VoigtK, 0.19412460834567, 870.05008545114, 2.2638666752151, 0, 2.2638666752151, 0, 1.3595904970528, 0.080555943302409, 
FN7112 map truncated version0281.CSV, 0281, Spec0281_VoigtK, VoigtK, 0.28128044212573, 870.0776856623, 2.2641126827738, 0, 2.2641126827738, 0, 1.3597382396486, 0.116710341589, 
FN7112 map truncated version0282.CSV, 0282, Spec0282_VoigtK, VoigtK, 0.26189472897393, 870.1228946289, 2.1368627028233, 0, 2.1368627028233, 0, 1.2833168384305, 0.11513781418782, 
FN7112 map truncated version0283.CSV, 0283, Spec0283_VoigtK, VoigtK, 0.21357512199024, 870.19927770256, 2.3401342060386, 0, 2.3401342060386, 0, 1.4053938172203, 0.085738866942299, 
FN7112 map truncated version0284.CSV, 0284, Spec0284_VoigtK, VoigtK, 0.15130809684234, 870.20843797495, 2.4230096772545, 0, 2.4230096772545, 0, 1.4551656100284, 0.058664430861372, 
FN7112 map truncated version0285.CSV, 0285, Spec0285_VoigtK, VoigtK, 0.069345145478171, 870.23833592009, 2.2528739058704, 0, 2.2528739058704, 0, 1.3529886662556, 0.028916586212496, 
FN7112 map truncated version0286.CSV, 0286, Spec0286_VoigtK, VoigtK, 0.094249973422182, 870.113110732, 2.1643962104918, 0, 2.1643962104918, 0, 1.2998523949571, 0.040908382982316, 
FN7112 map truncated version0287.CSV, 0287, Spec0287_VoigtK, VoigtK, 0.11983850546793, 870.03619621818, 2.2803532033212, 0, 2.2803532033212, 0, 1.3694916662285, 0.04936988389208, 
FN7112 map truncated version0288.CSV, 0288, Spec0288_VoigtK, VoigtK, 0.19619169932089, 870.01029391425, 2.5366492473263, 0, 2.5366492473263, 0, 1.5234131270974, 0.07265877151884, 
FN7112 map truncated version0289.CSV, 0289, Spec0289_VoigtK, VoigtK, 0.059278539051428, 870.17654498379, 2.3140449643718, 0, 2.3140449643718, 0, 1.3897256308232, 0.024065425221963, 
FN7112 map truncated version0290.CSV, 0290, Spec0290_VoigtK, VoigtK, 0.104780249608, 870.06766425347, 2.1156708497084, 0, 2.1156708497084, 0, 1.2705898336005, 0.046526369780574, 
FN7112 map truncated version0291.CSV, 0291, Spec0291_VoigtK, VoigtK, 0.074242447660442, 870.11891561351, 2.1063263462679, 0, 2.1063263462679, 0, 1.2649778873599, 0.033112689983721, 
FN7112 map truncated version0292.CSV, 0292, Spec0292_VoigtK, VoigtK, 0.066659381509977, 870.21143139306, 2.3738978596281, 0, 2.3738978596281, 0, 1.4256709576847, 0.026379532369816, 
FN7112 map truncated version0293.CSV, 0293, Spec0293_VoigtK, VoigtK, 0.12052058258742, 870.04884002682, 2.4213640698868, 0, 2.4213640698868, 0, 1.4541773220857, 0.046759404353255, 
FN7112 map truncated version0294.CSV, 0294, Spec0294_VoigtK, VoigtK, 0.070207725899951, 870.02950609887, 1.9827177304151, 0, 1.9827177304151, 0, 1.1907433481499, 0.033265331627347, 
FN7112 map truncated version0295.CSV, 0295, Spec0295_VoigtK, VoigtK, 0.090554658912392, 870.12254786243, 2.1142041898806, 0, 2.1142041898806, 0, 1.2697090146079, 0.040237566877692, 
FN7112 map truncated version0296.CSV, 0296, Spec0296_VoigtK, VoigtK, 0.1447807985235, 870.18086768675, 2.1088444415683, 0, 2.1088444415683, 0, 1.2664901577062, 0.064496220254955, 
FN7112 map truncated version0297.CSV, 0297, Spec0297_VoigtK, VoigtK, 0.23902483045459, 870.13303748062, 2.2312140411041, 0, 2.2312140411041, 0, 1.3399805917845, 0.10063976781049, 
FN7112 map truncated version0298.CSV, 0298, Spec0298_VoigtK, VoigtK, 0.18385146771821, 870.11005833483, 2.083977556548, 0, 2.083977556548, 0, 1.2515560712889, 0.082878504408507, 
FN7112 map truncated version0299.CSV, 0299, Spec0299_VoigtK, VoigtK, 0.13544250639919, 870.18976292399, 2.2388342826018, 0, 2.2388342826018, 0, 1.3445570131962, 0.056833038420426, 
FN7112 map truncated version0300.CSV, 0300, Spec0300_VoigtK, VoigtK, 0.096200442848804, 870.14005033029, 2.0939506268017, 0, 2.0939506268017, 0, 1.257545510372, 0.043159705800262, 
FN7112 map truncated version0301.CSV, 0301, Spec0301_VoigtK, VoigtK, 0.050094555665786, 870.49102125325, 2.2404679372064, 0, 2.2404679372064, 0, 1.3455381227731, 0.021004852549278, 
FN7112 map truncated version0302.CSV, 0302, Spec0302_VoigtK, VoigtK, 0.16725059371957, 870.11276072139, 2.4567646993573, 0, 2.4567646993573, 0, 1.4754375667568, 0.063954623491724, 
FN7112 map truncated version0303.CSV, 0303, Spec0303_VoigtK, VoigtK, 0.12426976662509, 870.0004581422, 1.9700959517562, 0, 1.9700959517562, 0, 1.1831631975569, 0.059257857565655, 
FN7112 map truncated version0304.CSV, 0304, Spec0304_VoigtK, VoigtK, 0.12418623508449, 869.97126016923, 2.0069802165075, 0, 2.0069802165075, 0, 1.2053144560191, 0.058129717317455, 
FN7112 map truncated version0305.CSV, 0305, Spec0305_VoigtK, VoigtK, 0.16788191307187, 870.36382283677, 2.2646865591152, 0, 2.2646865591152, 0, 1.3600828875154, 0.069640783500645, 
FN7112 map truncated version0306.CSV, 0306, Spec0306_VoigtK, VoigtK, 0.16600541531416, 870.05059053343, 2.1500217699856, 0, 2.1500217699856, 0, 1.2912196636542, 0.072534937264413, 
FN7112 map truncated version0307.CSV, 0307, Spec0307_VoigtK, VoigtK, 0.085629944737877, 870.14005532901, 2.1603304980751, 0, 2.1603304980751, 0, 1.2974106858114, 0.037236882005368, 
FN7112 map truncated version0308.CSV, 0308, Spec0308_VoigtK, VoigtK, 0.057663627589899, 869.64124805939, 2.1155176879416, 0, 2.1155176879416, 0, 1.2704978505854, 0.025606672139642, 
FN7112 map truncated version0309.CSV, 0309, Spec0309_VoigtK, VoigtK, 0.093811770345061, 869.39554607852, 3.8951979384861, 0, 3.8951979384861, 0, 2.3393047652872, 0.022625367475718, 
FN7112 map truncated version0310.CSV, 0310, Spec0310_VoigtK, VoigtK, 0.048040542752556, 869.63641718686, 2.4977948495215, 0, 2.4977948495215, 0, 1.5000786831558, 0.018068370242418, 
FN7112 map truncated version0311.CSV, 0311, Spec0311_VoigtK, VoigtK, 0.075189464152342, 869.65747072613, 2.6231994714621, 0, 2.6231994714621, 0, 1.575391833945, 0.026927343794878, 
FN7112 map truncated version0312.CSV, 0312, Spec0312_VoigtK, VoigtK, 0.12492058199492, 870.1074609088, 2.3240786176311, 0, 2.3240786176311, 0, 1.3957514537091, 0.050495307991052, 
FN7112 map truncated version0313.CSV, 0313, Spec0313_VoigtK, VoigtK, 0.19635894454314, 870.16359650109, 2.3445614677822, 0, 2.3445614677822, 0, 1.4080526588652, 0.078678651438648, 
FN7112 map truncated version0314.CSV, 0314, Spec0314_VoigtK, VoigtK, 0.13360911669062, 870.03339852832, 2.326877199371, 0, 2.326877199371, 0, 1.3974321733294, 0.053942425492015, 
FN7112 map truncated version0315.CSV, 0315, Spec0315_VoigtK, VoigtK, 0, 868.02558367098, 3.3338869621092, 0, 3.3338869621092, 0, 2.0022031692752, 0, 
FN7112 map truncated version0316.CSV, 0316, Spec0316_VoigtK, VoigtK, 0, 868.03146862979, 3.3388961568647, 0, 3.3388961568647, 0, 2.0052114973106, 0, 
FN7112 map truncated version0317.CSV, 0317, Spec0317_VoigtK, VoigtK, 0.10375971844635, 870.00122072389, 2.2334796472612, 0, 2.2334796472612, 0, 1.3413412269469, 0.043643003094038, 
FN7112 map truncated version0318.CSV, 0318, Spec0318_VoigtK, VoigtK, 0.25756527678655, 869.96810495453, 2.5534451740204, 0, 2.5534451740204, 0, 1.5335001090618, 0.094760778112008, 
FN7112 map truncated version0319.CSV, 0319, Spec0319_VoigtK, VoigtK, 0.15404427712445, 869.95892071359, 1.9122337295729, 0, 1.9122337295729, 0, 1.1484133917136, 0.075678486115156, 
FN7112 map truncated version0320.CSV, 0320, Spec0320_VoigtK, VoigtK, 0.33247059341937, 869.9838647645, 3.8435414535382, 0, 3.8435414535382, 0, 2.3082818844722, 0.081262374957682, 
FN7112 map truncated version0321.CSV, 0321, Spec0321_VoigtK, VoigtK, 0.12677389186297, 869.7974598944, 2.0986678727705, 0, 2.0986678727705, 0, 1.2603785052924, 0.056748443012115, 
FN7112 map truncated version0322.CSV, 0322, Spec0322_VoigtK, VoigtK, 0.1630349777121, 870.0242630588, 2.228349269306, 0, 2.228349269306, 0, 1.3382601209831, 0.068733010647226, 
FN7112 map truncated version0323.CSV, 0323, Spec0323_VoigtK, VoigtK, 0.058072046271604, 870.11923388587, 1.6651092223154, 0, 1.6651092223154, 0, 1, 0.032763647507473, 
FN7112 map truncated version0324.CSV, 0324, Spec0324_VoigtK, VoigtK, 0.12431642701992, 870.11124105379, 2.6672331187835, 0, 2.6672331187835, 0, 1.6018367342141, 0.043786011427706, 
FN7112 map truncated version0325.CSV, 0325, Spec0325_VoigtK, VoigtK, 0.044942139229769, 869.39829771196, 2.9855051378023, 0, 2.9855051378023, 0, 1.7929785612807, 0.014141769670874, 
FN7112 map truncated version0326.CSV, 0326, Spec0326_VoigtK, VoigtK, 0.031869670362404, 869.6730005747, 1.7654411488912, 0, 1.7654411488912, 0, 1.0602554626634, 0.016958684794556, 
FN7112 map truncated version0327.CSV, 0327, Spec0327_VoigtK, VoigtK, 0.063736330610564, 869.88971396616, 1.8542327782074, 0, 1.8542327782074, 0, 1.1135802705056, 0.032291680324401, 
FN7112 map truncated version0328.CSV, 0328, Spec0328_VoigtK, VoigtK, 0.09666791051085, 870.05370699948, 2.0568911405126, 0, 2.0568911405126, 0, 1.235289020652, 0.044150829290396, 
FN7112 map truncated version0329.CSV, 0329, Spec0329_VoigtK, VoigtK, 0.079903259104477, 870.07169403012, 1.6651092223154, 0, 1.6651092223154, 0, 1, 0.045080591852288, 
FN7112 map truncated version0330.CSV, 0330, Spec0330_VoigtK, VoigtK, 0, 868.02397926962, 3.3351584987244, 0, 3.3351584987244, 0, 2.0029668048362, 0, 
FN7112 map truncated version0331.CSV, 0331, Spec0331_VoigtK, VoigtK, 0, 868.00759819419, 3.3144712700687, 0, 3.3144712700687, 0, 1.9905428578792, 0, 
FN7112 map truncated version0332.CSV, 0332, Spec0332_VoigtK, VoigtK, 0, 868.00311508959, 3.2690621821603, 0, 3.2690621821603, 0, 1.9632719213546, 0, 
FN7112 map truncated version0333.CSV, 0333, Spec0333_VoigtK, VoigtK, 0.12780177759522, 869.95301641672, 3.1833599997839, 0, 3.1833599997839, 0, 1.9118025154874, 0.037715422848078, 
FN7112 map truncated version0334.CSV, 0334, Spec0334_VoigtK, VoigtK, 0.17265015899204, 870.0216330175, 2.2013486747219, 0, 2.2013486747219, 0, 1.3220446113804, 0.073679384246596, 
FN7112 map truncated version0335.CSV, 0335, Spec0335_VoigtK, VoigtK, 0.22901264340914, 869.98397234201, 2.2485827143562, 0, 2.2485827143562, 0, 1.3504115431116, 0.095679397864951, 
FN7112 map truncated version0336.CSV, 0336, Spec0336_VoigtK, VoigtK, 0.16354382038126, 868.21640713393, 3.559184815117, 0, 3.559184815117, 0, 2.1375083192247, 0.043166957565614, 
FN7112 map truncated version0337.CSV, 0337, Spec0337_VoigtK, VoigtK, 0.20058125155779, 868.09700292469, 1.8277895716346, 0, 1.8277895716346, 0, 1.0976995065183, 0.10309366598263, 
FN7112 map truncated version0338.CSV, 0338, Spec0338_VoigtK, VoigtK, 0.28007730904117, 870.19099980185, 3.8376853676679, 0, 3.8376853676679, 0, 2.3047649464889, 0.068560882716867, 
FN7112 map truncated version0339.CSV, 0339, Spec0339_VoigtK, VoigtK, 0.15589502423908, 870.39716559508, 3.461429656367, 0, 3.461429656367, 0, 2.0788003633502, 0.042310151969495, 
FN7112 map truncated version0340.CSV, 0340, Spec0340_VoigtK, VoigtK, 0.02044704181352, 867.57291488711, 1.6651092223154, 0, 1.6651092223154, 0, 1, 0.011536009380753, 
FN7112 map truncated version0341.CSV, 0341, Spec0341_VoigtK, VoigtK, 0, 867.69275012473, 1.6651092223154, 0, 1.6651092223154, 0, 1, 0, 
FN7112 map truncated version0342.CSV, 0342, Spec0342_VoigtK, VoigtK, 0.010109187870042, 867.28939084216, 1.6651092223154, 0, 1.6651092223154, 0, 1, 0.0057034991743148, 
FN7112 map truncated version0343.CSV, 0343, Spec0343_VoigtK, VoigtK, 0, 868.01595099542, 3.2476041354637, 0, 3.2476041354637, 0, 1.9503850509865, 0, 
FN7112 map truncated version0344.CSV, 0344, Spec0344_VoigtK, VoigtK, 0, 868.02949323344, 3.3256700486357, 0, 3.3256700486357, 0, 1.9972684098232, 0, 
FN7112 map truncated version0345.CSV, 0345, Spec0345_VoigtK, VoigtK, 0.058511037813606, 870.13793704936, 2.231862669992, 0, 2.231862669992, 0, 1.3403701331307, 0.024628512062677, 
FN7112 map truncated version0346.CSV, 0346, Spec0346_VoigtK, VoigtK, 0.074133010543694, 869.65476761205, 4.0600621581503, 0, 4.0600621581503, 0, 2.4383158196101, 0.017153264968938, 
FN7112 map truncated version0347.CSV, 0347, Spec0347_VoigtK, VoigtK, 0.0075760774442846, 868.0716681866, 1.6651092223154, 0, 1.6651092223154, 0, 1, 0.004274344487758, 
FN7112 map truncated version0348.CSV, 0348, Spec0348_VoigtK, VoigtK, 0.017740475974014, 868.93011435043, 1.8692151547467, 0, 1.8692151547467, 0, 1.1225781046048, 0.0089160771119859, 
FN7112 map truncated version0349.CSV, 0349, Spec0349_VoigtK, VoigtK, 0, 868.01061303409, 3.2012716690595, 0, 3.2012716690595, 0, 1.9225595691603, 0, 
FN7112 map truncated version0350.CSV, 0350, Spec0350_VoigtK, VoigtK, 0.092932696564859, 869.48981241757, 3.0739885580116, 0, 3.0739885580116, 0, 1.8461182706905, 0.028401032835036, 
FN7112 map truncated version0351.CSV, 0351, Spec0351_VoigtK, VoigtK, 0.16687528194549, 869.75362034961, 2.493557410568, 0, 2.493557410568, 0, 1.4975338417143, 0.062869568904652, 
FN7112 map truncated version0352.CSV, 0352, Spec0352_VoigtK, VoigtK, 0.3856194209231, 869.96469385403, 2.4183321815138, 0, 2.4183321815138, 0, 1.4523564875528, 0.14979964512748, 
