Spectra_filename, Number_in_fun_name, Function_full_name, FunctionType, Area, Center, FWHM, shape, GaussianFWHM, LorentzianFWHM,  gwidth, height,  --- Created at Thu Jun  4 10:20:07 2020 ---
FN7114 map truncated version0001.CSV, 0001, Spec0001_Voigt2, Voigt2, 295.18988151871, 2370.1468286383, 34.173965551518, 0, 34.173965551518, 0, 20.523557910513, 8.1147273246285, 
FN7114 map truncated version0002.CSV, 0002, Spec0002_Voigt2, Voigt2, 293.76553965463, 2369.8144108476, 33.339850291512, 0, 33.339850291512, 0, 20.02262064536, 8.2776116159659, 
FN7114 map truncated version0003.CSV, 0003, Spec0003_Voigt2, Voigt2, 302.1323533096, 2369.7131162314, 33.301679563338, 0, 33.301679563338, 0, 19.999696786876, 8.5231265617144, 
FN7114 map truncated version0004.CSV, 0004, Spec0004_Voigt2, Voigt2, 310.58351925731, 2369.6323066427, 34.160171522873, 0, 34.160171522873, 0, 20.515273752056, 8.5413438491319, 
FN7114 map truncated version0005.CSV, 0005, Spec0005_Voigt2, Voigt2, 299.15715760486, 2369.5595082679, 34.272368456454, 0, 34.272368456454, 0, 20.582654877617, 8.200175015725, 
FN7114 map truncated version0006.CSV, 0006, Spec0006_Voigt2, Voigt2, 286.9930335842, 2369.2424505453, 34.192630259764, 0, 34.192630259764, 0, 20.534767210176, 7.8850905756032, 
FN7114 map truncated version0007.CSV, 0007, Spec0007_Voigt2, Voigt2, 270.18189274365, 2369.0699957881, 33.996131067997, 0, 33.996131067997, 0, 20.416757418906, 7.4661134769402, 
FN7114 map truncated version0008.CSV, 0008, Spec0008_Voigt2, Voigt2, 252.46862288819, 2369.1065256694, 33.695416758342, 0, 33.695416758342, 0, 20.236160070922, 7.0388939248921, 
FN7114 map truncated version0009.CSV, 0009, Spec0009_Voigt2, Voigt2, 251.91549695539, 2369.1164260804, 33.734324093775, 0, 33.734324093775, 0, 20.259526307149, 7.0153721318412, 
FN7114 map truncated version0010.CSV, 0010, Spec0010_Voigt2, Voigt2, 245.0810427219, 2369.1165965296, 34.10966672982, 0, 34.10966672982, 0, 20.484942532712, 6.7499426806417, 
FN7114 map truncated version0011.CSV, 0011, Spec0011_Voigt2, Voigt2, 239.9361110304, 2369.1858648965, 34.195221058889, 0, 34.195221058889, 0, 20.536323143619, 6.591709224232, 
FN7114 map truncated version0012.CSV, 0012, Spec0012_Voigt2, Voigt2, 245.12024186223, 2369.1484920671, 34.456395690032, 0, 34.456395690032, 0, 20.693174494655, 6.6830878798735, 
FN7114 map truncated version0013.CSV, 0013, Spec0013_Voigt2, Voigt2, 265.71606329445, 2369.1280003347, 35.236305836268, 0, 35.236305836268, 0, 21.161558271397, 7.0842728612215, 
FN7114 map truncated version0014.CSV, 0014, Spec0014_Voigt2, Voigt2, 297.08181238284, 2369.135629731, 36.441950200104, 0, 36.441950200104, 0, 21.885621502612, 7.6584749475177, 
FN7114 map truncated version0015.CSV, 0015, Spec0015_Voigt2, Voigt2, 324.49614350507, 2367.4183472672, 17.728729925302, 0, 17.728729925302, 0, 10.647187396302, 17.194904069697, 
FN7114 map truncated version0016.CSV, 0016, Spec0016_Voigt2, Voigt2, 290.57055925522, 2369.9892453149, 33.496737446444, 0, 33.496737446444, 0, 20.11684098408, 8.1492368752121, 
FN7114 map truncated version0017.CSV, 0017, Spec0017_Voigt2, Voigt2, 303.28945161266, 2369.7161683559, 33.008313261485, 0, 33.008313261485, 0, 19.823512367306, 8.6318088655273, 
FN7114 map truncated version0018.CSV, 0018, Spec0018_Voigt2, Voigt2, 319.26974404991, 2369.5514736199, 33.097116652588, 0, 33.097116652588, 0, 19.876844238821, 9.0622376089321, 
FN7114 map truncated version0019.CSV, 0019, Spec0019_Voigt2, Voigt2, 306.40825903235, 2369.4945427917, 33.278219101899, 0, 33.278219101899, 0, 19.985607343898, 8.6498431442378, 
FN7114 map truncated version0020.CSV, 0020, Spec0020_Voigt2, Voigt2, 286.42900880568, 2369.3383369941, 33.280908664424, 0, 33.280908664424, 0, 19.987222590807, 8.0851795052631, 
FN7114 map truncated version0021.CSV, 0021, Spec0021_Voigt2, Voigt2, 264.4056273571, 2369.2807492688, 33.321725783105, 0, 33.321725783105, 0, 20.011735768762, 7.4543717892868, 
FN7114 map truncated version0022.CSV, 0022, Spec0022_Voigt2, Voigt2, 253.52960622874, 2369.2591714086, 33.000289390612, 0, 33.000289390612, 0, 19.818693541751, 7.2173667606009, 
FN7114 map truncated version0023.CSV, 0023, Spec0023_Voigt2, Voigt2, 238.21045647034, 2369.245962961, 32.892262731895, 0, 32.892262731895, 0, 19.753816921485, 6.8035395279877, 
FN7114 map truncated version0024.CSV, 0024, Spec0024_Voigt2, Voigt2, 229.568779477, 2369.2563069757, 33.005241582726, 0, 33.005241582726, 0, 19.821667636211, 6.5342801577453, 
FN7114 map truncated version0025.CSV, 0025, Spec0025_Voigt2, Voigt2, 238.53665650259, 2369.1710070597, 33.111511372036, 0, 33.111511372036, 0, 19.88548914887, 6.7677446568567, 
FN7114 map truncated version0026.CSV, 0026, Spec0026_Voigt2, Voigt2, 247.19952911063, 2369.1458451846, 33.945958243322, 0, 33.945958243322, 0, 20.386625566891, 6.8411231446974, 
FN7114 map truncated version0027.CSV, 0027, Spec0027_Voigt2, Voigt2, 257.4434300353, 2369.2078720189, 34.15599498738, 0, 34.15599498738, 0, 20.51276548687, 7.080806290428, 
FN7114 map truncated version0028.CSV, 0028, Spec0028_Voigt2, Voigt2, 269.8430112815, 2369.2343591555, 34.303683912863, 0, 34.303683912863, 0, 20.601461725833, 7.3898947721757, 
FN7114 map truncated version0029.CSV, 0029, Spec0029_Voigt2, Voigt2, 275.01315308381, 2369.2891882171, 34.440010004629, 0, 34.440010004629, 0, 20.683333887695, 7.501671425286, 
FN7114 map truncated version0030.CSV, 0030, Spec0030_Voigt2, Voigt2, 294.8599969029, 2369.2436381236, 35.038371887697, 0, 35.038371887697, 0, 21.042686820853, 7.9056899960121, 
FN7114 map truncated version0031.CSV, 0031, Spec0031_Voigt2, Voigt2, 279.75473881612, 2369.8208938278, 33.065803778578, 0, 33.065803778578, 0, 19.858038941493, 7.9481528296207, 
FN7114 map truncated version0032.CSV, 0032, Spec0032_Voigt2, Voigt2, 284.49147776263, 2369.8089845085, 33.186194213997, 0, 33.186194213997, 0, 19.930340766385, 8.0534070830559, 
FN7114 map truncated version0033.CSV, 0033, Spec0033_Voigt2, Voigt2, 301.88123393923, 2369.6963790632, 33.067119304919, 0, 33.067119304919, 0, 19.858828995577, 8.5764507060569, 
FN7114 map truncated version0034.CSV, 0034, Spec0034_Voigt2, Voigt2, 293.50893145017, 2369.4761764736, 33.340076354534, 0, 33.340076354534, 0, 20.022756410041, 8.270324931876, 
FN7114 map truncated version0035.CSV, 0035, Spec0035_Voigt2, Voigt2, 282.28805318866, 2369.2264565443, 33.853849234533, 0, 33.853849234533, 0, 20.331308469638, 7.8334357275924, 
FN7114 map truncated version0036.CSV, 0036, Spec0036_Voigt2, Voigt2, 276.55444552937, 2369.2079772816, 33.827078964562, 0, 33.827078964562, 0, 20.315231284062, 7.6804026432142, 
FN7114 map truncated version0037.CSV, 0037, Spec0037_Voigt2, Voigt2, 271.13992558659, 2369.1861121378, 33.434677859904, 0, 33.434677859904, 0, 20.079570404044, 7.6184070105912, 
FN7114 map truncated version0038.CSV, 0038, Spec0038_Voigt2, Voigt2, 264.48250566918, 2369.1246993686, 33.246569223215, 0, 33.246569223215, 0, 19.966599654637, 7.4733953251132, 
FN7114 map truncated version0039.CSV, 0039, Spec0039_Voigt2, Voigt2, 257.19489334492, 2369.0856083602, 33.373039853593, 0, 33.373039853593, 0, 20.042553008737, 7.2399308112936, 
FN7114 map truncated version0040.CSV, 0040, Spec0040_Voigt2, Voigt2, 248.93594560919, 2369.1304492628, 33.311661340241, 0, 33.311661340241, 0, 20.005691454834, 7.0203564092245, 
FN7114 map truncated version0041.CSV, 0041, Spec0041_Voigt2, Voigt2, 253.21515646335, 2369.1910460056, 33.847241937656, 0, 33.847241937656, 0, 20.327340383468, 7.028040462176, 
FN7114 map truncated version0042.CSV, 0042, Spec0042_Voigt2, Voigt2, 271.58327812075, 2369.2033105506, 34.354523287664, 0, 34.354523287664, 0, 20.631993881995, 7.4265471249958, 
FN7114 map truncated version0043.CSV, 0043, Spec0043_Voigt2, Voigt2, 284.71076181059, 2369.2800533457, 33.790935538656, 0, 33.790935538656, 0, 20.293524944669, 7.9153752600465, 
FN7114 map truncated version0044.CSV, 0044, Spec0044_Voigt2, Voigt2, 263.9516740274, 2369.3896130427, 34.141304455424, 0, 34.141304455424, 0, 20.503942923305, 7.262934907485, 
FN7114 map truncated version0045.CSV, 0045, Spec0045_Voigt2, Voigt2, 250.07640078516, 2369.4293097647, 33.973762685082, 0, 33.973762685082, 0, 20.403323835922, 6.9150751303077, 
FN7114 map truncated version0046.CSV, 0046, Spec0046_Voigt2, Voigt2, 265.92550304257, 2370.2038290226, 33.88089086359, 0, 33.88089086359, 0, 20.347548622953, 7.3734885455599, 
FN7114 map truncated version0047.CSV, 0047, Spec0047_Voigt2, Voigt2, 274.44455241157, 2369.9772243718, 33.39497019054, 0, 33.39497019054, 0, 20.055723518307, 7.7204283380211, 
FN7114 map truncated version0048.CSV, 0048, Spec0048_Voigt2, Voigt2, 290.24894882163, 2369.641677903, 33.175478511967, 0, 33.175478511967, 0, 19.923905331469, 8.2190439252577, 
FN7114 map truncated version0049.CSV, 0049, Spec0049_Voigt2, Voigt2, 289.3223734003, 2369.3497234192, 33.46470992361, 0, 33.46470992361, 0, 20.097606496393, 8.1219964600217, 
FN7114 map truncated version0050.CSV, 0050, Spec0050_Voigt2, Voigt2, 292.99046460498, 2369.168808169, 33.359525543053, 0, 33.359525543053, 0, 20.034436838123, 8.2509026457861, 
FN7114 map truncated version0051.CSV, 0051, Spec0051_Voigt2, Voigt2, 294.68332877874, 2369.1663198871, 33.23592471311, 0, 33.23592471311, 0, 19.960206974828, 8.3294368926748, 
FN7114 map truncated version0052.CSV, 0052, Spec0052_Voigt2, Voigt2, 280.86989275719, 2369.1354076132, 33.320327702411, 0, 33.320327702411, 0, 20.010896135737, 7.9188800761978, 
FN7114 map truncated version0053.CSV, 0053, Spec0053_Voigt2, Voigt2, 274.49116178762, 2369.0702291384, 33.174310959347, 0, 33.174310959347, 0, 19.923204144661, 7.7731007318595, 
FN7114 map truncated version0054.CSV, 0054, Spec0054_Voigt2, Voigt2, 264.00687393308, 2369.0044199215, 33.046511674823, 0, 33.046511674823, 0, 19.846452852426, 7.5051167642813, 
FN7114 map truncated version0055.CSV, 0055, Spec0055_Voigt2, Voigt2, 255.40242360797, 2369.0223297968, 33.046491084573, 0, 33.046491084573, 0, 19.846440486721, 7.2605162767794, 
FN7114 map truncated version0056.CSV, 0056, Spec0056_Voigt2, Voigt2, 252.99773764132, 2369.1280061991, 33.059216143739, 0, 33.059216143739, 0, 19.85408266358, 7.1893880806691, 
FN7114 map truncated version0057.CSV, 0057, Spec0057_Voigt2, Voigt2, 259.45667196777, 2369.214464582, 33.589043535051, 0, 33.589043535051, 0, 20.172276439827, 7.2566311290164, 
FN7114 map truncated version0058.CSV, 0058, Spec0058_Voigt2, Voigt2, 273.44393959939, 2369.3688419378, 33.487346433601, 0, 33.487346433601, 0, 20.111201106097, 7.6710605191248, 
FN7114 map truncated version0059.CSV, 0059, Spec0059_Voigt2, Voigt2, 237.79000579026, 2369.4492256219, 33.452873534565, 0, 33.452873534565, 0, 20.090498020333, 6.6777170081003, 
FN7114 map truncated version0060.CSV, 0060, Spec0060_Voigt2, Voigt2, 222.57586931423, 2369.6061964621, 33.381263421787, 0, 33.381263421787, 0, 20.047491764756, 6.2638759730853, 
FN7114 map truncated version0061.CSV, 0061, Spec0061_Voigt2, Voigt2, 255.388134459, 2370.2560554592, 33.327628790685, 0, 33.327628790685, 0, 20.015280886104, 7.198866866767, 
FN7114 map truncated version0062.CSV, 0062, Spec0062_Voigt2, Voigt2, 271.52690370562, 2369.8636842931, 33.306066730542, 0, 33.306066730542, 0, 20.002331549296, 7.6587406127196, 
FN7114 map truncated version0063.CSV, 0063, Spec0063_Voigt2, Voigt2, 280.41929624237, 2369.5990993535, 33.362793612732, 0, 33.362793612732, 0, 20.036399513985, 7.896112508406, 
FN7114 map truncated version0064.CSV, 0064, Spec0064_Voigt2, Voigt2, 288.27395039603, 2369.3311521218, 33.122275457347, 0, 33.122275457347, 0, 19.891953640909, 8.176229562262, 
FN7114 map truncated version0065.CSV, 0065, Spec0065_Voigt2, Voigt2, 295.49454360653, 2369.2266990432, 33.236106380357, 0, 33.236106380357, 0, 19.960316077128, 8.3523208113425, 
FN7114 map truncated version0066.CSV, 0066, Spec0066_Voigt2, Voigt2, 287.56458746803, 2369.215037993, 33.645811343632, 0, 33.645811343632, 0, 20.206368983319, 8.0291993242939, 
FN7114 map truncated version0067.CSV, 0067, Spec0067_Voigt2, Voigt2, 272.40499426099, 2369.1843725677, 33.718580979292, 0, 33.718580979292, 0, 20.250071603354, 7.5895079089017, 
FN7114 map truncated version0068.CSV, 0068, Spec0068_Voigt2, Voigt2, 262.82532102747, 2369.1383487688, 33.40507389214, 0, 33.40507389214, 0, 20.061791409508, 7.3913302688795, 
FN7114 map truncated version0069.CSV, 0069, Spec0069_Voigt2, Voigt2, 255.70238137194, 2369.0881946924, 33.130927184898, 0, 33.130927184898, 0, 19.897149532827, 7.2505178200565, 
FN7114 map truncated version0070.CSV, 0070, Spec0070_Voigt2, Voigt2, 245.0413223801, 2369.0930217661, 32.827946527853, 0, 32.827946527853, 0, 19.715191104524, 7.0123478577163, 
FN7114 map truncated version0071.CSV, 0071, Spec0071_Voigt2, Voigt2, 239.95477791393, 2369.1531940471, 33.475535482425, 0, 33.475535482425, 0, 20.104107907033, 6.7339472602387, 
FN7114 map truncated version0072.CSV, 0072, Spec0072_Voigt2, Voigt2, 239.67781442068, 2369.2948199833, 33.916160469565, 0, 33.916160469565, 0, 20.368730179996, 6.6387909913192, 
FN7114 map truncated version0073.CSV, 0073, Spec0073_Voigt2, Voigt2, 257.25893974227, 2369.4965619787, 34.068843165065, 0, 34.068843165065, 0, 20.460425483495, 7.0938325059066, 
FN7114 map truncated version0074.CSV, 0074, Spec0074_Voigt2, Voigt2, 260.32814176902, 2369.6871134892, 34.274220761441, 0, 34.274220761441, 0, 20.58376730013, 7.1354500494326, 
FN7114 map truncated version0075.CSV, 0075, Spec0075_Voigt2, Voigt2, 200.78176182154, 2369.9650631364, 34.8403413236, 0, 34.8403413236, 0, 20.923757346772, 5.4138934137209, 
FN7114 map truncated version0076.CSV, 0076, Spec0076_Voigt2, Voigt2, 268.50321490544, 2370.0195992908, 33.361205981548, 0, 33.361205981548, 0, 20.035446044289, 7.5609364883863, 
FN7114 map truncated version0077.CSV, 0077, Spec0077_Voigt2, Voigt2, 267.3885412324, 2369.8237472902, 33.717314853337, 0, 33.717314853337, 0, 20.249311217225, 7.450023661974, 
FN7114 map truncated version0078.CSV, 0078, Spec0078_Voigt2, Voigt2, 262.4520863869, 2369.6211879286, 33.579825567637, 0, 33.579825567637, 0, 20.166740486215, 7.3424235846505, 
FN7114 map truncated version0079.CSV, 0079, Spec0079_Voigt2, Voigt2, 264.52622501055, 2369.4618043964, 33.361543808506, 0, 33.361543808506, 0, 20.035648930054, 7.4488707123152, 
FN7114 map truncated version0080.CSV, 0080, Spec0080_Voigt2, Voigt2, 259.38076444507, 2369.3102608242, 33.586437501009, 0, 33.586437501009, 0, 20.170711356883, 7.2550709951884, 
FN7114 map truncated version0081.CSV, 0081, Spec0081_Voigt2, Voigt2, 250.40529648822, 2369.2562285795, 33.807480099559, 0, 33.807480099559, 0, 20.303460966091, 6.9582263349684, 
FN7114 map truncated version0082.CSV, 0082, Spec0082_Voigt2, Voigt2, 245.77594400777, 2369.275629601, 33.921577299683, 0, 33.921577299683, 0, 20.371983318015, 6.8066148426129, 
FN7114 map truncated version0083.CSV, 0083, Spec0083_Voigt2, Voigt2, 241.46057822411, 2369.2466366903, 33.93201342259, 0, 33.93201342259, 0, 20.378250848558, 6.6850467355459, 
FN7114 map truncated version0084.CSV, 0084, Spec0084_Voigt2, Voigt2, 240.18537532906, 2369.2097991318, 33.82501510973, 0, 33.82501510973, 0, 20.313991812918, 6.6707766884622, 
FN7114 map truncated version0085.CSV, 0085, Spec0085_Voigt2, Voigt2, 234.8369099454, 2369.2639804794, 33.723816180809, 0, 33.723816180809, 0, 20.253215662282, 6.5418033574204, 
FN7114 map truncated version0086.CSV, 0086, Spec0086_Voigt2, Voigt2, 226.03471206742, 2369.3641217092, 33.859757856458, 0, 33.859757856458, 0, 20.334856958738, 6.2713224651523, 
FN7114 map truncated version0087.CSV, 0087, Spec0087_Voigt2, Voigt2, 216.71457893208, 2369.5294593594, 34.269156021796, 0, 34.269156021796, 0, 20.580725613989, 5.9409043638776, 
FN7114 map truncated version0088.CSV, 0088, Spec0088_Voigt2, Voigt2, 220.98884630411, 2369.749428156, 34.274049140553, 0, 34.274049140553, 0, 20.583664231283, 6.0572120992185, 
FN7114 map truncated version0089.CSV, 0089, Spec0089_Voigt2, Voigt2, 236.35331054576, 2369.8905092045, 34.550065234498, 0, 34.550065234498, 0, 20.749428789095, 6.4265909726325, 
FN7114 map truncated version0090.CSV, 0090, Spec0090_Voigt2, Voigt2, 224.90004976089, 2370.0148883517, 34.72412100379, 0, 34.72412100379, 0, 20.853959931532, 6.0845173270249, 
FN7114 map truncated version0091.CSV, 0091, Spec0091_Voigt2, Voigt2, 263.77163885623, 2370.2065740093, 33.407860508053, 0, 33.407860508053, 0, 20.063464942917, 7.4173244373193, 
FN7114 map truncated version0092.CSV, 0092, Spec0092_Voigt2, Voigt2, 247.13799841872, 2369.8868597485, 33.456078555529, 0, 33.456078555529, 0, 20.092422831583, 6.9395663328956, 
FN7114 map truncated version0093.CSV, 0093, Spec0093_Voigt2, Voigt2, 242.89173688498, 2369.805797045, 33.404367551683, 0, 33.404367551683, 0, 20.061367208833, 6.8308905763947, 
FN7114 map truncated version0094.CSV, 0094, Spec0094_Voigt2, Voigt2, 228.80171996535, 2369.731279873, 33.326669382391, 0, 33.326669382391, 0, 20.014704702704, 6.4496361254463, 
FN7114 map truncated version0095.CSV, 0095, Spec0095_Voigt2, Voigt2, 220.92650480121, 2369.521702574, 33.572104313673, 0, 33.572104313673, 0, 20.162103400634, 6.1821152843263, 
FN7114 map truncated version0096.CSV, 0096, Spec0096_Voigt2, Voigt2, 222.21095734001, 2369.4175924079, 33.723694607155, 0, 33.723694607155, 0, 20.253142649862, 6.1901071154221, 
FN7114 map truncated version0097.CSV, 0097, Spec0097_Voigt2, Voigt2, 217.84270090772, 2369.4145256496, 33.9541982241, 0, 33.9541982241, 0, 20.391574179672, 6.0272245915145, 
FN7114 map truncated version0098.CSV, 0098, Spec0098_Voigt2, Voigt2, 212.11080970799, 2369.4023257872, 34.094978395628, 0, 34.094978395628, 0, 20.476121289039, 5.8444039264919, 
FN7114 map truncated version0099.CSV, 0099, Spec0099_Voigt2, Voigt2, 214.26385569786, 2369.3990353031, 34.052889373399, 0, 34.052889373399, 0, 20.450844255158, 5.9110249150566, 
FN7114 map truncated version0100.CSV, 0100, Spec0100_Voigt2, Voigt2, 219.33514713951, 2369.4554920322, 34.212503888183, 0, 34.212503888183, 0, 20.546702540395, 6.0226997412594, 
FN7114 map truncated version0101.CSV, 0101, Spec0101_Voigt2, Voigt2, 219.9107227655, 2369.5559378096, 34.202861813396, 0, 34.202861813396, 0, 20.540911884348, 6.0402067144718, 
FN7114 map truncated version0102.CSV, 0102, Spec0102_Voigt2, Voigt2, 224.04208122559, 2369.6836511216, 34.38344071537, 0, 34.38344071537, 0, 20.649360567205, 6.1213626039782, 
FN7114 map truncated version0103.CSV, 0103, Spec0103_Voigt2, Voigt2, 245.3326463009, 2369.8091469538, 34.750576447124, 0, 34.750576447124, 0, 20.869848044443, 6.6322543294357, 
FN7114 map truncated version0104.CSV, 0104, Spec0104_Voigt2, Voigt2, 254.78937663643, 2369.978897145, 34.867014721284, 0, 34.867014721284, 0, 20.939776354611, 6.8649028050162, 
FN7114 map truncated version0105.CSV, 0105, Spec0105_Voigt2, Voigt2, 272.63883745974, 2370.0811577562, 35.336903069014, 0, 35.336903069014, 0, 21.221973066654, 7.2481484176336, 
FN7114 map truncated version0106.CSV, 0106, Spec0106_Voigt2, Voigt2, 253.63971531983, 2370.3787069085, 33.821372863179, 0, 33.821372863179, 0, 20.311804420943, 7.0452087589456, 
FN7114 map truncated version0107.CSV, 0107, Spec0107_Voigt2, Voigt2, 235.48134653477, 2370.0788403086, 33.542868448378, 0, 33.542868448378, 0, 20.144545474161, 6.5951420369753, 
FN7114 map truncated version0108.CSV, 0108, Spec0108_Voigt2, Voigt2, 221.52593236156, 2370.033377746, 33.325959251959, 0, 33.325959251959, 0, 20.014278225916, 6.2446737780106, 
FN7114 map truncated version0109.CSV, 0109, Spec0109_Voigt2, Voigt2, 208.18254160789, 2369.9626266717, 33.651213397398, 0, 33.651213397398, 0, 20.209613247235, 5.8118101527449, 
FN7114 map truncated version0110.CSV, 0110, Spec0110_Voigt2, Voigt2, 207.26916594384, 2369.7666941956, 33.941724747655, 0, 33.941724747655, 0, 20.384083093635, 5.7367857960158, 
FN7114 map truncated version0111.CSV, 0111, Spec0111_Voigt2, Voigt2, 213.71161416873, 2369.6100483299, 34.251933124998, 0, 34.251933124998, 0, 20.570382210345, 5.8615284702908, 
FN7114 map truncated version0112.CSV, 0112, Spec0112_Voigt2, Voigt2, 223.59189295371, 2369.48351076, 34.425668514005, 0, 34.425668514005, 0, 20.674720944813, 6.1015687875535, 
FN7114 map truncated version0113.CSV, 0113, Spec0113_Voigt2, Voigt2, 227.50639018043, 2369.4129193178, 34.362850386446, 0, 34.362850386446, 0, 20.636994814468, 6.2197404217825, 
FN7114 map truncated version0114.CSV, 0114, Spec0114_Voigt2, Voigt2, 246.82536935312, 2369.4091890032, 34.520613005886, 0, 34.520613005886, 0, 20.731740923208, 6.717058613689, 
FN7114 map truncated version0115.CSV, 0115, Spec0115_Voigt2, Voigt2, 269.85910975932, 2369.4469556236, 34.716869646986, 0, 34.716869646986, 0, 20.849605047956, 7.3023789444117, 
FN7114 map truncated version0116.CSV, 0116, Spec0116_Voigt2, Voigt2, 291.71573799386, 2369.5213474698, 34.959835906986, 0, 34.959835906986, 0, 20.995521157689, 7.838957609901, 
FN7114 map truncated version0117.CSV, 0117, Spec0117_Voigt2, Voigt2, 316.70325527373, 2369.6572926022, 35.116152483754, 0, 35.116152483754, 0, 21.089398829299, 8.4725363889112, 
FN7114 map truncated version0118.CSV, 0118, Spec0118_Voigt2, Voigt2, 356.51423328998, 2369.7790901928, 35.20655416452, 0, 35.20655416452, 0, 21.143690571579, 9.5130809877175, 
FN7114 map truncated version0119.CSV, 0119, Spec0119_Voigt2, Voigt2, 359.05159975893, 2369.848695505, 35.275943002536, 0, 35.275943002536, 0, 21.18536281571, 9.5619413484171, 
FN7114 map truncated version0120.CSV, 0120, Spec0120_Voigt2, Voigt2, 375.96793966389, 2369.9378393851, 35.223545995764, 0, 35.223545995764, 0, 21.153895206216, 10.027336267142, 
FN7114 map truncated version0121.CSV, 0121, Spec0121_Voigt2, Voigt2, 282.01862423598, 2370.525319561, 33.795299422344, 0, 33.795299422344, 0, 20.296145723912, 7.8395174774772, 
FN7114 map truncated version0122.CSV, 0122, Spec0122_Voigt2, Voigt2, 261.0152159179, 2370.2886999572, 33.59638472123, 0, 33.59638472123, 0, 20.17668527144, 7.2986261887032, 
FN7114 map truncated version0123.CSV, 0123, Spec0123_Voigt2, Voigt2, 265.68921698142, 2370.0946453479, 33.81186001831, 0, 33.81186001831, 0, 20.306091375371, 7.3819773475978, 
FN7114 map truncated version0124.CSV, 0124, Spec0124_Voigt2, Voigt2, 276.60224804246, 2369.9161199538, 34.093267714489, 0, 34.093267714489, 0, 20.475093920314, 7.6217538411366, 
FN7114 map truncated version0125.CSV, 0125, Spec0125_Voigt2, Voigt2, 293.80176324568, 2369.7150851117, 34.538528064248, 0, 34.538528064248, 0, 20.742500012234, 7.991318024034, 
FN7114 map truncated version0126.CSV, 0126, Spec0126_Voigt2, Voigt2, 311.68817630199, 2369.5245837773, 34.727670697994, 0, 34.727670697994, 0, 20.856091740159, 8.4316489176673, 
FN7114 map truncated version0127.CSV, 0127, Spec0127_Voigt2, Voigt2, 329.25777490593, 2369.3499155098, 34.746081092681, 0, 34.746081092681, 0, 20.867148308965, 8.9022144424495, 
FN7114 map truncated version0128.CSV, 0128, Spec0128_Voigt2, Voigt2, 344.54695703417, 2369.3806706365, 34.603181467832, 0, 34.603181467832, 0, 20.781328338159, 9.3540616947902, 
FN7114 map truncated version0129.CSV, 0129, Spec0129_Voigt2, Voigt2, 368.85122065438, 2369.4478187668, 34.429919423211, 0, 34.429919423211, 0, 20.677273875965, 10.064288098523, 
FN7114 map truncated version0130.CSV, 0130, Spec0130_Voigt2, Voigt2, 396.71220435789, 2369.5053574584, 34.179433685537, 0, 34.179433685537, 0, 20.526841859665, 10.903816650253, 
FN7114 map truncated version0131.CSV, 0131, Spec0131_Voigt2, Voigt2, 423.76415580051, 2369.5982403791, 33.975940461786, 0, 33.975940461786, 0, 20.404631724123, 11.717111796821, 
FN7114 map truncated version0132.CSV, 0132, Spec0132_Voigt2, Voigt2, 464.15025006049, 2369.8282692516, 33.8653272467, 0, 33.8653272467, 0, 20.338201718449, 12.875709029125, 
FN7114 map truncated version0133.CSV, 0133, Spec0133_Voigt2, Voigt2, 481.13906730302, 2370.0067864711, 33.843364118655, 0, 33.843364118655, 0, 20.325011515818, 13.355647162059, 
FN7114 map truncated version0134.CSV, 0134, Spec0134_Voigt2, Voigt2, 474.53290051319, 2369.9283168126, 34.559505320336, 0, 34.559505320336, 0, 20.755098138415, 12.899315129723, 
FN7114 map truncated version0135.CSV, 0135, Spec0135_Voigt2, Voigt2, 552.99048960099, 2370.4073510291, 34.180846769829, 0, 34.180846769829, 0, 20.527690503269, 15.198568547029, 
FN7114 map truncated version0136.CSV, 0136, Spec0136_Voigt2, Voigt2, 442.92049165217, 2370.1724437984, 33.846512133047, 0, 33.846512133047, 0, 20.326902091133, 12.293617413957, 
FN7114 map truncated version0137.CSV, 0137, Spec0137_Voigt2, Voigt2, 439.05311476919, 2370.0556731092, 33.618636401466, 0, 33.618636401466, 0, 20.190048767323, 12.268876928476, 
FN7114 map truncated version0138.CSV, 0138, Spec0138_Voigt2, Voigt2, 441.78135042907, 2369.8632105168, 33.406743349753, 0, 33.406743349753, 0, 20.062794020983, 12.423417474644, 
FN7114 map truncated version0139.CSV, 0139, Spec0139_Voigt2, Voigt2, 447.15214117195, 2369.7728304183, 33.321481158053, 0, 33.321481158053, 0, 20.011588856446, 12.606625700436, 
FN7114 map truncated version0140.CSV, 0140, Spec0140_Voigt2, Voigt2, 461.04454018976, 2369.6910682022, 33.367745186936, 0, 33.367745186936, 0, 20.039373237352, 12.980274136024, 
FN7114 map truncated version0141.CSV, 0141, Spec0141_Voigt2, Voigt2, 478.20264291277, 2369.6657630852, 33.485889978767, 0, 33.485889978767, 0, 20.110326415828, 13.415843012193, 
FN7114 map truncated version0142.CSV, 0142, Spec0142_Voigt2, Voigt2, 489.2894375321, 2369.6936791362, 33.685383987905, 0, 33.685383987905, 0, 20.230134778224, 13.645585653767, 
FN7114 map truncated version0143.CSV, 0143, Spec0143_Voigt2, Voigt2, 500.83048781342, 2370.0658607656, 34.226341856201, 0, 34.226341856201, 0, 20.555013087134, 13.746689278856, 
FN7114 map truncated version0144.CSV, 0144, Spec0144_Voigt2, Voigt2, 509.78463230146, 2370.2908396871, 34.639593489923, 0, 34.639593489923, 0, 20.803195986, 13.82553016744, 
FN7114 map truncated version0145.CSV, 0145, Spec0145_Voigt2, Voigt2, 522.51876737669, 2370.4821468265, 35.058507407075, 0, 35.058507407075, 0, 21.054779432622, 14.001556361509, 
FN7114 map truncated version0146.CSV, 0146, Spec0146_Voigt2, Voigt2, 543.58015292598, 2370.7969113539, 35.550828064485, 0, 35.550828064485, 0, 21.350448119584, 14.364208889002, 
FN7114 map truncated version0147.CSV, 0147, Spec0147_Voigt2, Voigt2, 554.87032775127, 2371.124362009, 36.095211640998, 0, 36.095211640998, 0, 21.677383775946, 14.44141505688, 
FN7114 map truncated version0148.CSV, 0148, Spec0148_Voigt2, Voigt2, 569.24607758281, 2371.1118656822, 35.938783186144, 0, 35.938783186144, 0, 21.583438914698, 14.880054425178, 
FN7114 map truncated version0149.CSV, 0149, Spec0149_Voigt2, Voigt2, 640.09267820519, 2371.7357531951, 37.012977848594, 0, 37.012977848594, 0, 22.228558554931, 16.24638249514, 
FN7114 map truncated version0150.CSV, 0150, Spec0150_Voigt2, Voigt2, 668.24535642181, 2371.7310611633, 36.79069809334, 0, 36.79069809334, 0, 22.095065957404, 17.063407505464, 
FN7114 map truncated version0151.CSV, 0151, Spec0151_Voigt2, Voigt2, 581.99205836329, 2371.0061900369, 34.082504573006, 0, 34.082504573006, 0, 20.468629995102, 16.041811115717, 
FN7114 map truncated version0152.CSV, 0152, Spec0152_Voigt2, Voigt2, 572.00300942682, 2371.1441576193, 34.056217167207, 0, 34.056217167207, 0, 20.452842799015, 15.778646583209, 
FN7114 map truncated version0153.CSV, 0153, Spec0153_Voigt2, Voigt2, 565.20402238665, 2371.1558936613, 34.392043867644, 0, 34.392043867644, 0, 20.654527286697, 15.438855394621, 
FN7114 map truncated version0154.CSV, 0154, Spec0154_Voigt2, Voigt2, 565.91337090401, 2371.2968487687, 35.046651614586, 0, 35.046651614586, 0, 21.047659303606, 15.169499967209, 
FN7114 map truncated version0155.CSV, 0155, Spec0155_Voigt2, Voigt2, 573.72020611882, 2371.446159501, 35.761349322142, 0, 35.761349322142, 0, 21.476879019633, 15.071417148353, 
FN7114 map truncated version0156.CSV, 0156, Spec0156_Voigt2, Voigt2, 580.01135436256, 2371.4058360396, 36.259664634582, 0, 36.259664634582, 0, 21.776147863839, 15.02728607128, 
FN7114 map truncated version0157.CSV, 0157, Spec0157_Voigt2, Voigt2, 578.63246623505, 2371.4965569852, 36.660800782576, 0, 36.660800782576, 0, 22.017054672004, 14.827525930812, 
FN7114 map truncated version0158.CSV, 0158, Spec0158_Voigt2, Voigt2, 588.48792051654, 2371.8157762585, 37.332265923591, 0, 37.332265923591, 0, 22.4203105858, 14.808840096493, 
FN7114 map truncated version0159.CSV, 0159, Spec0159_Voigt2, Voigt2, 593.50504537555, 2371.9860384641, 37.55393906039, 0, 37.55393906039, 0, 22.553438871818, 14.846933374737, 
FN7114 map truncated version0160.CSV, 0160, Spec0160_Voigt2, Voigt2, 598.7286552353, 2372.1371306736, 37.574717060332, 0, 37.574717060332, 0, 22.565917332488, 14.969323247386, 
FN7114 map truncated version0161.CSV, 0161, Spec0161_Voigt2, Voigt2, 613.24051969806, 2372.3792821247, 38.15647891827, 0, 38.15647891827, 0, 22.915300934561, 15.098381455062, 
FN7114 map truncated version0162.CSV, 0162, Spec0162_Voigt2, Voigt2, 628.88375395994, 2372.7492655537, 38.968347440798, 0, 38.968347440798, 0, 23.402877672259, 15.160943475075, 
FN7114 map truncated version0163.CSV, 0163, Spec0163_Voigt2, Voigt2, 655.01741572404, 2372.8415176587, 39.029672575904, 0, 39.029672575904, 0, 23.439707169258, 15.766154601659, 
FN7114 map truncated version0164.CSV, 0164, Spec0164_Voigt2, Voigt2, 704.82041262821, 2372.5897182599, 38.500577297196, 0, 38.500577297196, 0, 23.121953071439, 17.198044700286, 
FN7114 map truncated version0165.CSV, 0165, Spec0165_Voigt2, Voigt2, 665.90477854644, 2373.0358318053, 38.60132384444, 0, 38.60132384444, 0, 23.18245753919, 16.206072364933, 
FN7114 map truncated version0166.CSV, 0166, Spec0166_Voigt2, Voigt2, 643.95899084022, 2373.3640914296, 37.444368935979, 0, 37.444368935979, 0, 22.487635305936, 16.156211768456, 
FN7114 map truncated version0167.CSV, 0167, Spec0167_Voigt2, Voigt2, 635.1535409923, 2373.2520509371, 37.332774984451, 0, 37.332774984451, 0, 22.420616308003, 15.982926141585, 
FN7114 map truncated version0168.CSV, 0168, Spec0168_Voigt2, Voigt2, 623.02908937973, 2372.9165767724, 37.15870356947, 0, 37.15870356947, 0, 22.316075769372, 15.751271326142, 
FN7114 map truncated version0169.CSV, 0169, Spec0169_Voigt2, Voigt2, 617.37939742998, 2372.8826676617, 37.335822646945, 0, 37.335822646945, 0, 22.422446615861, 15.534391612887, 
FN7114 map truncated version0170.CSV, 0170, Spec0170_Voigt2, Voigt2, 618.85997001279, 2372.9094908238, 37.754198263446, 0, 37.754198263446, 0, 22.673706779995, 15.399087311404, 
FN7114 map truncated version0171.CSV, 0171, Spec0171_Voigt2, Voigt2, 617.74245521007, 2372.750333361, 38.168080735937, 0, 38.168080735937, 0, 22.922268536152, 15.204598948936, 
FN7114 map truncated version0172.CSV, 0172, Spec0172_Voigt2, Voigt2, 613.83989177428, 2372.6418150675, 38.482795792992, 0, 38.482795792992, 0, 23.111274189858, 14.984985740938, 
FN7114 map truncated version0173.CSV, 0173, Spec0173_Voigt2, Voigt2, 615.05704259941, 2372.755184064, 38.692107580378, 0, 38.692107580378, 0, 23.236978728984, 14.933474017262, 
FN7114 map truncated version0174.CSV, 0174, Spec0174_Voigt2, Voigt2, 618.62327339687, 2372.8866761402, 39.028445762585, 0, 39.028445762585, 0, 23.438970392774, 14.890622017461, 
FN7114 map truncated version0175.CSV, 0175, Spec0175_Voigt2, Voigt2, 622.38856116224, 2373.0852552376, 39.536376732305, 0, 39.536376732305, 0, 23.744014027697, 14.788787800461, 
FN7114 map truncated version0176.CSV, 0176, Spec0176_Voigt2, Voigt2, 641.25864248372, 2373.524366119, 39.778144488388, 0, 39.778144488388, 0, 23.889210362474, 15.14455622805, 
FN7114 map truncated version0177.CSV, 0177, Spec0177_Voigt2, Voigt2, 652.85705032095, 2373.9074569103, 40.460285973179, 0, 40.460285973179, 0, 24.298878074147, 15.158526666203, 
FN7114 map truncated version0178.CSV, 0178, Spec0178_Voigt2, Voigt2, 672.17167437706, 2373.9794524085, 40.442789646748, 0, 40.442789646748, 0, 24.288370459273, 15.613740035928, 
FN7114 map truncated version0179.CSV, 0179, Spec0179_Voigt2, Voigt2, 706.40817010136, 2373.1827837143, 39.511859097087, 0, 39.511859097087, 0, 23.729289687162, 16.795621953677, 
FN7114 map truncated version0180.CSV, 0180, Spec0180_Voigt2, Voigt2, 620.80036710415, 2373.6798828536, 39.625853130957, 0, 39.625853130957, 0, 23.797750081436, 14.717741851107, 
FN7114 map truncated version0181.CSV, 0181, Spec0181_Voigt2, Voigt2, 671.0250800779, 2374.1483362597, 39.079281621735, 0, 39.079281621735, 0, 23.469500437571, 16.130952877211, 
FN7114 map truncated version0182.CSV, 0182, Spec0182_Voigt2, Voigt2, 657.26165517371, 2373.8111844061, 38.71911585949, 0, 38.71911585949, 0, 23.253198853616, 15.947062855909, 
FN7114 map truncated version0183.CSV, 0183, Spec0183_Voigt2, Voigt2, 639.93088899728, 2373.5801309586, 38.42652114584, 0, 38.42652114584, 0, 23.077477819987, 15.644793924994, 
FN7114 map truncated version0184.CSV, 0184, Spec0184_Voigt2, Voigt2, 634.58714610425, 2373.6348383546, 38.628626576677, 0, 38.628626576677, 0, 23.198854500945, 15.432981846191, 
FN7114 map truncated version0185.CSV, 0185, Spec0185_Voigt2, Voigt2, 629.44027282259, 2373.3953876047, 39.430336858856, 0, 39.430336858856, 0, 23.680330593585, 14.996567988042, 
FN7114 map truncated version0186.CSV, 0186, Spec0186_Voigt2, Voigt2, 618.16195057826, 2373.1755688047, 40.116888266135, 0, 40.116888266135, 0, 24.092646733619, 14.47580993875, 
FN7114 map truncated version0187.CSV, 0187, Spec0187_Voigt2, Voigt2, 620.54065646768, 2373.1495222602, 40.515127651601, 0, 40.515127651601, 0, 24.331813858591, 14.388677240304, 
FN7114 map truncated version0188.CSV, 0188, Spec0188_Voigt2, Voigt2, 625.57584753627, 2373.5480485959, 40.596896217496, 0, 40.596896217496, 0, 24.380920887006, 14.476213618381, 
FN7114 map truncated version0189.CSV, 0189, Spec0189_Voigt2, Voigt2, 638.10147725457, 2374.0693874491, 41.080270565575, 0, 41.080270565575, 0, 24.671216767661, 14.592318369231, 
FN7114 map truncated version0190.CSV, 0190, Spec0190_Voigt2, Voigt2, 643.33076868008, 2374.1002816011, 41.168535262684, 0, 41.168535262684, 0, 24.724225120463, 14.680361465927, 
FN7114 map truncated version0191.CSV, 0191, Spec0191_Voigt2, Voigt2, 652.68529365727, 2374.26946329, 40.799139034699, 0, 40.799139034699, 0, 24.502380076886, 15.028674225041, 
FN7114 map truncated version0192.CSV, 0192, Spec0192_Voigt2, Voigt2, 672.56711654996, 2374.2669466224, 40.559715839705, 0, 40.559715839705, 0, 24.35859179454, 15.577887664011, 
FN7114 map truncated version0193.CSV, 0193, Spec0193_Voigt2, Voigt2, 639.22571888181, 2374.4078171066, 40.982603687463, 0, 40.982603687463, 0, 24.612561829713, 14.652864566326, 
FN7114 map truncated version0194.CSV, 0194, Spec0194_Voigt2, Voigt2, 549.47455078075, 2374.2694776292, 41.189869887539, 0, 41.189869887539, 0, 24.737037868461, 12.532133256187, 
FN7114 map truncated version0195.CSV, 0195, Spec0195_Voigt2, Voigt2, 552.06600738201, 2374.2340087459, 40.980873128511, 0, 40.980873128511, 0, 24.611522523145, 12.655451430643, 
FN7114 map truncated version0196.CSV, 0196, Spec0196_Voigt2, Voigt2, 674.38817372444, 2374.3000232133, 39.578841094304, 0, 39.578841094304, 0, 23.769516476083, 16.007175771667, 
FN7114 map truncated version0197.CSV, 0197, Spec0197_Voigt2, Voigt2, 661.93509854122, 2374.0463570671, 39.43505757528, 0, 39.43505757528, 0, 23.683165672727, 15.76887723803, 
FN7114 map truncated version0198.CSV, 0198, Spec0198_Voigt2, Voigt2, 648.63638021382, 2374.0822989912, 39.313991823885, 0, 39.313991823885, 0, 23.610458279258, 15.499653946716, 
FN7114 map truncated version0199.CSV, 0199, Spec0199_Voigt2, Voigt2, 648.32166725721, 2374.1964202776, 40.12009183084, 0, 40.12009183084, 0, 24.094570670296, 15.180862944767, 
FN7114 map truncated version0200.CSV, 0200, Spec0200_Voigt2, Voigt2, 640.19050666065, 2374.1478312225, 41.25298460995, 0, 41.25298460995, 0, 24.774942122167, 14.578797262981, 
FN7114 map truncated version0201.CSV, 0201, Spec0201_Voigt2, Voigt2, 627.15053114614, 2373.8230766295, 41.270015599215, 0, 41.270015599215, 0, 24.785170273592, 14.275949499775, 
FN7114 map truncated version0202.CSV, 0202, Spec0202_Voigt2, Voigt2, 632.18943686516, 2374.2037229188, 41.463092384343, 0, 41.463092384343, 0, 24.901124700209, 14.323639671753, 
FN7114 map truncated version0203.CSV, 0203, Spec0203_Voigt2, Voigt2, 639.34279286583, 2374.5244004862, 41.766782561964, 0, 41.766782561964, 0, 25.083509239043, 14.380387672783, 
FN7114 map truncated version0204.CSV, 0204, Spec0204_Voigt2, Voigt2, 627.71970757528, 2374.8567971884, 41.574525192776, 0, 41.574525192776, 0, 24.96804692185, 14.184247719833, 
FN7114 map truncated version0205.CSV, 0205, Spec0205_Voigt2, Voigt2, 613.2088505704, 2375.0669856125, 41.692633611401, 0, 41.692633611401, 0, 25.038978255988, 13.817100831211, 
FN7114 map truncated version0206.CSV, 0206, Spec0206_Voigt2, Voigt2, 612.89136062934, 2374.8707801299, 41.633070302783, 0, 41.633070302783, 0, 25.003206843627, 13.829704521387, 
FN7114 map truncated version0207.CSV, 0207, Spec0207_Voigt2, Voigt2, 501.67838957417, 2374.7196767329, 41.013807966193, 0, 41.013807966193, 0, 24.631301908929, 11.491140682554, 
FN7114 map truncated version0208.CSV, 0208, Spec0208_Voigt2, Voigt2, 462.31148264239, 2374.8242493712, 41.0598873186, 0, 41.0598873186, 0, 24.658975380309, 10.577542251133, 
FN7114 map truncated version0209.CSV, 0209, Spec0209_Voigt2, Voigt2, 443.31567964106, 2374.7411682057, 41.325862327316, 0, 41.325862327316, 0, 24.818709651882, 10.07764392271, 
FN7114 map truncated version0210.CSV, 0210, Spec0210_Voigt2, Voigt2, 512.99066331079, 2374.6159756, 41.675053561361, 0, 41.675053561361, 0, 25.028420359963, 11.563815016556, 
FN7114 map truncated version0211.CSV, 0211, Spec0211_Voigt2, Voigt2, 685.64148109221, 2374.6770307963, 40.52683431913, 0, 40.52683431913, 0, 24.338844428941, 15.893598766523, 
FN7114 map truncated version0212.CSV, 0212, Spec0212_Voigt2, Voigt2, 667.70840088373, 2374.6465685169, 39.930314096636, 0, 39.930314096636, 0, 23.980597525675, 15.709123558344, 
FN7114 map truncated version0213.CSV, 0213, Spec0213_Voigt2, Voigt2, 662.23009136685, 2374.735389296, 40.247375389986, 0, 40.247375389986, 0, 24.171012237876, 15.457497614227, 
FN7114 map truncated version0214.CSV, 0214, Spec0214_Voigt2, Voigt2, 661.17641777412, 2375.0224196068, 40.954330939968, 0, 40.954330939968, 0, 24.595582314426, 15.166499719151, 
FN7114 map truncated version0215.CSV, 0215, Spec0215_Voigt2, Voigt2, 651.44110200931, 2374.7783408151, 40.870496719791, 0, 40.870496719791, 0, 24.545234734187, 14.973836341046, 
FN7114 map truncated version0216.CSV, 0216, Spec0216_Voigt2, Voigt2, 650.88467046673, 2375.0527742129, 41.091614197277, 0, 41.091614197277, 0, 24.678029312778, 14.88053970154, 
FN7114 map truncated version0217.CSV, 0217, Spec0217_Voigt2, Voigt2, 630.93544005876, 2375.1334824422, 41.036512723031, 0, 41.036512723031, 0, 24.644937505042, 14.443828292689, 
FN7114 map truncated version0218.CSV, 0218, Spec0218_Voigt2, Voigt2, 539.84763223222, 2374.6999948672, 41.234791704027, 0, 41.234791704027, 0, 24.764016168674, 12.299153943453, 
FN7114 map truncated version0219.CSV, 0219, Spec0219_Voigt2, Voigt2, 476.37427400118, 2374.6926242971, 41.310304931338, 0, 41.310304931338, 0, 24.809366483416, 10.833224438866, 
FN7114 map truncated version0220.CSV, 0220, Spec0220_Voigt2, Voigt2, 454.46102536186, 2374.7639700056, 41.38535105271, 0, 41.38535105271, 0, 24.854436272452, 10.316154604854, 
FN7114 map truncated version0221.CSV, 0221, Spec0221_Voigt2, Voigt2, 410.32511193895, 2374.7203932577, 41.393737901843, 0, 41.393737901843, 0, 24.859473088668, 9.312392937509, 
FN7114 map truncated version0222.CSV, 0222, Spec0222_Voigt2, Voigt2, 402.72537978713, 2374.7702988637, 41.182278464394, 0, 41.182278464394, 0, 24.732478754234, 9.1868467228854, 
FN7114 map truncated version0223.CSV, 0223, Spec0223_Voigt2, Voigt2, 398.23649934869, 2374.6083088731, 40.872850468792, 0, 40.872850468792, 0, 24.546648304522, 9.1532216014889, 
FN7114 map truncated version0224.CSV, 0224, Spec0224_Voigt2, Voigt2, 407.5307694275, 2374.6790725448, 40.981236270795, 0, 40.981236270795, 0, 24.611740612312, 9.3420715794612, 
FN7114 map truncated version0225.CSV, 0225, Spec0225_Voigt2, Voigt2, 444.79952597144, 2374.6108603447, 41.118507359542, 0, 41.118507359542, 0, 24.694180302698, 10.162365632698, 
FN7114 map truncated version0226.CSV, 0226, Spec0226_Voigt2, Voigt2, 678.09403586201, 2374.7742836072, 40.585871515038, 0, 40.585871515038, 0, 24.37429987842, 15.695779538851, 
FN7114 map truncated version0227.CSV, 0227, Spec0227_Voigt2, Voigt2, 680.99609158162, 2375.0316082909, 40.368055448117, 0, 40.368055448117, 0, 24.243487998934, 15.848006158416, 
FN7114 map truncated version0228.CSV, 0228, Spec0228_Voigt2, Voigt2, 681.89622335342, 2375.4617267199, 41.076515193045, 0, 41.076515193045, 0, 24.668961436612, 15.595256943717, 
FN7114 map truncated version0229.CSV, 0229, Spec0229_Voigt2, Voigt2, 663.85656259388, 2375.3877074713, 41.124945683195, 0, 41.124945683195, 0, 24.698046910106, 15.16480244763, 
FN7114 map truncated version0230.CSV, 0230, Spec0230_Voigt2, Voigt2, 658.5232107422, 2375.2664436934, 41.167306345317, 0, 41.167306345317, 0, 24.723487080369, 15.02749102938, 
FN7114 map truncated version0231.CSV, 0231, Spec0231_Voigt2, Voigt2, 627.73549306589, 2375.261561025, 41.116779199721, 0, 41.116779199721, 0, 24.693142436955, 14.342519164363, 
FN7114 map truncated version0232.CSV, 0232, Spec0232_Voigt2, Voigt2, 483.98876846975, 2374.6169256166, 41.003020635851, 0, 41.003020635851, 0, 24.624823456827, 11.088869520423, 
FN7114 map truncated version0233.CSV, 0233, Spec0233_Voigt2, Voigt2, 378.17833190087, 2374.3282685406, 40.928000970827, 0, 40.928000970827, 0, 24.579769556447, 8.6804841895263, 
FN7114 map truncated version0234.CSV, 0234, Spec0234_Voigt2, Voigt2, 327.19149185816, 2374.3095549459, 41.068159500611, 0, 41.068159500611, 0, 24.6639433319, 7.4845312062839, 
FN7114 map truncated version0235.CSV, 0235, Spec0235_Voigt2, Voigt2, 322.64930087186, 2374.0543401614, 41.071639448249, 0, 41.071639448249, 0, 24.666033253445, 7.3800028776721, 
FN7114 map truncated version0236.CSV, 0236, Spec0236_Voigt2, Voigt2, 343.65700971349, 2374.5907325733, 41.422666692651, 0, 41.422666692651, 0, 24.876846598118, 7.7939029588022, 
FN7114 map truncated version0237.CSV, 0237, Spec0237_Voigt2, Voigt2, 366.06395544341, 2374.6314474686, 41.233183461417, 0, 41.233183461417, 0, 24.763050320556, 8.3402283854446, 
FN7114 map truncated version0238.CSV, 0238, Spec0238_Voigt2, Voigt2, 368.48518625485, 2374.0509958989, 41.079651526426, 0, 41.079651526426, 0, 24.670844996764, 8.4267696784195, 
FN7114 map truncated version0239.CSV, 0239, Spec0239_Voigt2, Voigt2, 455.06910630355, 2374.4503663298, 41.883233827268, 0, 41.883233827268, 0, 25.153445351187, 10.207161547559, 
FN7114 map truncated version0240.CSV, 0240, Spec0240_Voigt2, Voigt2, 408.88512261138, 2375.6690692931, 41.5196819271, 0, 41.5196819271, 0, 24.935110184163, 9.2515634718047, 
FN7114 map truncated version0241.CSV, 0241, Spec0241_Voigt2, Voigt2, 712.00638558185, 2375.1084353039, 41.071800052665, 0, 41.071800052665, 0, 24.666129706226, 16.285758602434, 
FN7114 map truncated version0242.CSV, 0242, Spec0242_Voigt2, Voigt2, 668.94949037924, 2375.4451767451, 41.400035832321, 0, 41.400035832321, 0, 24.863255381381, 15.179604343584, 
FN7114 map truncated version0243.CSV, 0243, Spec0243_Voigt2, Voigt2, 680.23702526413, 2375.4392188725, 41.322323971621, 0, 41.322323971621, 0, 24.816584652724, 15.464766611463, 
FN7114 map truncated version0244.CSV, 0244, Spec0244_Voigt2, Voigt2, 667.80781086231, 2375.2470870168, 41.310005528369, 0, 41.310005528369, 0, 24.809186673608, 15.186723392898, 
FN7114 map truncated version0245.CSV, 0245, Spec0245_Voigt2, Voigt2, 655.17803240578, 2375.1459886158, 41.285694275213, 0, 41.285694275213, 0, 24.794586278132, 14.908281234107, 
FN7114 map truncated version0246.CSV, 0246, Spec0246_Voigt2, Voigt2, 525.60291238263, 2375.1396240134, 41.302778143258, 0, 41.302778143258, 0, 24.804846186501, 11.954910801273, 
FN7114 map truncated version0247.CSV, 0247, Spec0247_Voigt2, Voigt2, 384.41010088738, 2374.8178160069, 41.166727570835, 0, 41.166727570835, 0, 24.723139490869, 8.772356790101, 
FN7114 map truncated version0248.CSV, 0248, Spec0248_Voigt2, Voigt2, 307.68829017228, 2374.8012477627, 41.170794383124, 0, 41.170794383124, 0, 24.725581860555, 7.0208478800589, 
FN7114 map truncated version0249.CSV, 0249, Spec0249_Voigt2, Voigt2, 287.53261726094, 2374.7517777308, 41.380623945604, 0, 41.380623945604, 0, 24.851597355315, 6.527665992972, 
FN7114 map truncated version0250.CSV, 0250, Spec0250_Voigt2, Voigt2, 294.9488975577, 2374.2738807307, 41.365959205438, 0, 41.365959205438, 0, 24.842790281299, 6.6984068067221, 
FN7114 map truncated version0251.CSV, 0251, Spec0251_Voigt2, Voigt2, 312.24227438726, 2374.753585934, 41.76888292787, 0, 41.76888292787, 0, 25.084770637321, 7.0227414992117, 
FN7114 map truncated version0252.CSV, 0252, Spec0252_Voigt2, Voigt2, 346.41781422994, 2374.9697679795, 41.655148291902, 0, 41.655148291902, 0, 25.016466027363, 7.8126680814562, 
FN7114 map truncated version0253.CSV, 0253, Spec0253_Voigt2, Voigt2, 394.43521164113, 2374.1523986412, 41.853661646782, 0, 41.853661646782, 0, 25.135685446858, 8.8533994742756, 
FN7114 map truncated version0254.CSV, 0254, Spec0254_Voigt2, Voigt2, 374.59028358896, 2373.426227951, 41.1936122887, 0, 41.1936122887, 0, 24.739285409409, 8.5426865730081, 
FN7114 map truncated version0255.CSV, 0255, Spec0255_Voigt2, Voigt2, 388.89771216815, 2374.4664703789, 40.879378047685, 0, 40.879378047685, 0, 24.550568515163, 8.9371480049945, 
FN7114 map truncated version0256.CSV, 0256, Spec0256_Voigt2, Voigt2, 705.86722145195, 2375.1999325065, 41.036298438057, 0, 41.036298438057, 0, 24.644808813799, 16.159304955219, 
FN7114 map truncated version0257.CSV, 0257, Spec0257_Voigt2, Voigt2, 669.94089839809, 2374.9636327989, 41.128380976673, 0, 41.128380976673, 0, 24.700110014094, 15.30251166133, 
FN7114 map truncated version0258.CSV, 0258, Spec0258_Voigt2, Voigt2, 674.43033958773, 2375.1625918398, 41.119793883564, 0, 41.119793883564, 0, 24.694952939114, 15.40827466738, 
FN7114 map truncated version0259.CSV, 0259, Spec0259_Voigt2, Voigt2, 649.97528382439, 2375.1207277706, 41.464190473923, 0, 41.464190473923, 0, 24.901784170209, 14.726227080993, 
FN7114 map truncated version0260.CSV, 0260, Spec0260_Voigt2, Voigt2, 603.31920475991, 2375.2496794362, 41.382223801114, 0, 41.382223801114, 0, 24.852558166467, 13.696233972258, 
FN7114 map truncated version0261.CSV, 0261, Spec0261_Voigt2, Voigt2, 447.66776671896, 2375.2197101472, 41.639690197429, 0, 41.639690197429, 0, 25.007182495529, 10.09987914579, 
FN7114 map truncated version0262.CSV, 0262, Spec0262_Voigt2, Voigt2, 320.46510615557, 2374.6004467179, 41.315190835558, 0, 41.315190835558, 0, 24.812300767939, 7.2868331731064, 
FN7114 map truncated version0263.CSV, 0263, Spec0263_Voigt2, Voigt2, 278.83613830906, 2374.6397383834, 41.261458449974, 0, 41.261458449974, 0, 24.780031181737, 6.3485175765305, 
FN7114 map truncated version0264.CSV, 0264, Spec0264_Voigt2, Voigt2, 275.39215245406, 2374.8760820612, 41.828381484052, 0, 41.828381484052, 0, 25.120503161882, 6.1851230178818, 
FN7114 map truncated version0265.CSV, 0265, Spec0265_Voigt2, Voigt2, 295.12254929459, 2375.1441284686, 41.852301197986, 0, 41.852301197986, 0, 25.13486841409, 6.624466270835, 
FN7114 map truncated version0266.CSV, 0266, Spec0266_Voigt2, Voigt2, 305.55269069802, 2375.6059006603, 42.112795193937, 0, 42.112795193937, 0, 25.291311002036, 6.8161617186779, 
FN7114 map truncated version0267.CSV, 0267, Spec0267_Voigt2, Voigt2, 332.25412506939, 2375.2715035576, 42.246994122281, 0, 42.246994122281, 0, 25.37190567207, 7.3882640596275, 
FN7114 map truncated version0268.CSV, 0268, Spec0268_Voigt2, Voigt2, 345.89932367931, 2376.0340372321, 42.072096713554, 0, 42.072096713554, 0, 25.26686907364, 7.7236644584389, 
FN7114 map truncated version0269.CSV, 0269, Spec0269_Voigt2, Voigt2, 361.27889147544, 2375.4986630137, 42.07476114508, 0, 42.07476114508, 0, 25.268469227847, 8.0665674594921, 
FN7114 map truncated version0270.CSV, 0270, Spec0270_Voigt2, Voigt2, 401.05211160568, 2373.9316110853, 40.912309858634, 0, 40.912309858634, 0, 24.57034608321, 9.2090461418365, 
