,wavenumber,experimental,"CO2 Î½2a, phase I"
0,599.778,3.47445,0.0
1,600.743,3.45319,0.0
2,601.707,3.35649,0.0
3,602.671,3.23797,0.0
4,603.636,3.22495,0.0
5,604.6,3.23211,0.0
6,605.564,3.2239,0.0
7,606.528,3.16502,0.0
8,607.493,3.13595,0.0
9,608.457,3.10091,2.80404e-44
10,609.421,3.08516,1.1076e-42
11,610.385,3.0488,4.375e-41
12,611.35,3.00399,1.61387e-39
13,612.314,2.89397,5.5495e-38
14,613.278,2.87557,1.77893e-36
15,614.243,2.89535,5.31596e-35
16,615.207,2.94103,1.4804e-33
17,616.171,2.87516,3.84457e-32
18,617.135,2.8808,9.30736e-31
19,618.1,2.89723,2.10051e-29
20,619.064,2.9655,4.41783e-28
21,620.028,2.96175,8.66452e-27
22,620.992,2.93592,1.58417e-25
23,621.957,2.93382,2.6993e-24
24,622.921,3.04324,4.2889e-23
25,623.885,2.99582,6.35272e-22
26,624.85,2.89061,8.76945e-21
27,625.814,2.91195,1.12882e-19
28,626.778,2.9915,1.35455e-18
29,627.742,2.87839,1.51525e-17
30,628.707,2.82067,1.58012e-16
31,629.671,2.97803,1.53608e-15
32,630.635,2.98642,1.39174e-14
33,631.6,2.93604,1.17577e-13
34,632.564,2.99257,9.25985e-13
35,633.528,3.07254,6.79693e-12
36,634.492,3.07681,4.65194e-11
37,635.457,3.03289,2.96805e-10
38,636.421,3.01459,1.76502e-09
39,637.385,2.9927,9.78649e-09
40,638.349,2.9822,5.05848e-08
41,639.314,2.98403,2.43744e-07
42,640.278,3.0027,1.09487e-06
43,641.242,3.00814,4.58406e-06
44,642.207,3.02846,1.78945e-05
45,643.171,3.05292,6.5119e-05
46,644.135,3.06845,0.000220909
47,645.099,3.11096,0.000698533
48,646.064,3.19571,0.00205936
49,647.028,3.28506,0.00565971
50,647.992,3.39658,0.0144989
51,648.956,3.60909,0.0346286
52,649.921,3.96598,0.0771001
53,650.885,4.35032,0.160015
54,651.849,4.23194,0.309613
55,652.813,3.72585,0.558465
56,653.778,3.63381,0.939053
57,654.742,4.10371,1.47198
58,655.706,4.45318,2.15097
59,656.671,5.00389,2.93001
60,657.635,6.31506,3.72082
61,658.599,7.14269,4.4048
62,659.563,7.23253,4.86103
63,660.528,7.107,5.00097
64,661.492,7.0674,4.79621
65,662.456,6.24671,4.28812
66,663.42,5.24826,3.57396
67,664.385,4.68534,2.77684
68,665.349,4.40963,2.01127
69,666.313,3.7304,1.35802
70,667.278,3.08753,0.85484
71,668.242,3.0318,0.501604
72,669.206,2.74119,0.274381
73,670.17,2.19093,0.139916
74,671.135,1.8019,0.0665168
75,672.099,1.94851,0.0294769
76,673.063,1.89882,0.0121773
77,674.028,1.62997,0.0046901
78,674.992,1.50891,0.0016838
79,675.956,1.59384,0.000563529
80,676.92,1.60104,0.000175838
81,677.885,1.51973,5.1142e-05
82,678.849,1.33548,1.38663e-05
83,679.813,1.34263,3.50478e-06
84,680.778,1.49214,8.2581e-07
85,681.742,1.39329,1.81392e-07
86,682.706,1.14485,3.71487e-08
87,683.67,1.21192,7.09118e-09
88,684.635,1.40265,1.26187e-09
89,685.599,1.28381,2.09366e-10
90,686.563,1.08036,3.23773e-11
91,687.527,1.16127,4.66756e-12
92,688.492,1.35155,6.27407e-13
93,689.456,1.22418,7.8603e-14
94,690.42,1.03632,9.18007e-15
95,691.385,1.1035,9.99475e-16
96,692.349,1.30403,1.01441e-16
97,693.313,1.16984,9.60031e-18
98,694.277,1.00476,8.46771e-19
99,695.242,1.0617,6.96253e-20
100,696.206,1.23492,5.33683e-21
101,697.17,1.12273,3.81452e-22
102,698.134,0.997854,2.54096e-23
103,699.099,1.05343,1.57833e-24
104,700.063,1.21943,9.13684e-26
105,701.027,1.10963,4.9307e-27
106,701.991,0.992164,2.48052e-28
107,702.956,1.04004,1.16367e-29
108,703.92,1.16546,5.0875e-31
109,704.884,1.07337,2.07342e-32
110,705.849,0.94313,7.87765e-34
111,706.813,1.01092,2.79012e-35
112,707.777,1.11307,9.21548e-37
113,708.741,1.05436,2.83651e-38
114,709.706,0.946678,8.13901e-40
115,710.67,1.00619,2.17804e-41
116,711.634,1.09584,5.39778e-43
117,712.598,1.04555,1.40202e-44
118,713.563,0.968721,0.0
119,714.527,1.02251,0.0
120,715.491,1.08433,0.0
121,716.456,1.04874,0.0
122,717.42,0.980677,0.0
123,718.384,1.012,0.0
124,719.348,1.05188,0.0
125,720.313,1.0326,0.0
126,721.277,1.00558,0.0
127,722.241,1.04063,0.0
128,723.206,1.07446,0.0
129,724.17,1.02791,0.0
130,725.134,1.01231,0.0
131,726.098,1.05224,0.0
132,727.063,1.076,0.0
133,728.027,1.03743,0.0
134,728.991,1.04577,0.0
135,729.955,1.08345,0.0
136,730.92,1.0846,0.0
137,731.884,1.02994,0.0
138,732.848,1.05632,0.0
139,733.812,1.12152,0.0
140,734.777,1.11046,0.0
141,735.741,1.0576,0.0
142,736.705,1.09183,0.0
143,737.67,1.17202,0.0
144,738.634,1.15602,0.0
145,739.598,1.06089,0.0
146,740.562,1.07373,0.0
147,741.527,1.14923,0.0
148,742.491,1.10767,0.0
149,743.455,1.00097,0.0
150,744.42,1.01507,0.0
151,745.384,1.13985,0.0
152,746.348,1.09767,0.0
153,747.312,0.988904,0.0
154,748.277,0.992517,0.0
155,749.241,1.12811,0.0
156,750.205,1.10134,0.0
157,751.169,0.988473,0.0
158,752.134,0.980727,0.0
159,753.098,1.12644,0.0
160,754.062,1.12205,0.0
161,755.027,0.989446,0.0
162,755.991,0.960933,0.0
163,756.955,1.10924,0.0
164,757.919,1.13994,0.0
165,758.884,1.00439,0.0
166,759.848,0.944523,0.0
167,760.812,1.10347,0.0
168,761.777,1.18556,0.0
169,762.741,1.03514,0.0
170,763.705,0.951853,0.0
171,764.669,1.09761,0.0
172,765.634,1.21344,0.0
173,766.598,1.06669,0.0
174,767.562,0.960034,0.0
175,768.526,1.08546,0.0
176,769.491,1.21986,0.0
177,770.455,1.08132,0.0
178,771.419,0.953835,0.0
179,772.384,1.05585,0.0
180,773.348,1.23377,0.0
181,774.312,1.12637,0.0
182,775.276,0.973364,0.0
183,776.241,1.03801,0.0
184,777.205,1.22294,0.0
185,778.169,1.14634,0.0
186,779.133,0.990594,0.0
187,780.098,1.02511,0.0
188,781.062,1.21949,0.0
189,782.026,1.17325,0.0
190,782.99,1.01531,0.0
191,783.955,1.02098,0.0
192,784.919,1.20772,0.0
193,785.883,1.20931,0.0
194,786.848,1.0471,0.0
195,787.812,1.02613,0.0
196,788.776,1.20807,0.0
197,789.74,1.24554,0.0
198,790.705,1.10317,0.0
199,791.669,1.05901,0.0
200,792.633,1.23399,0.0
201,793.597,1.30692,0.0
202,794.562,1.19546,0.0
203,795.526,1.13866,0.0
204,796.49,1.27926,0.0
205,797.455,1.38718,0.0
206,798.419,1.2768,0.0
207,799.383,1.20148,0.0
208,800.347,1.31008,0.0
209,801.312,1.42124,0.0
210,802.276,1.32739,0.0
211,803.24,1.23735,0.0
212,804.205,1.29757,0.0
213,805.169,1.40158,0.0
214,806.133,1.33885,0.0
215,807.097,1.23953,0.0
216,808.062,1.26639,0.0
217,809.026,1.36292,0.0
218,809.99,1.32786,0.0
219,810.955,1.22972,0.0
220,811.919,1.23756,0.0
221,812.883,1.3277,0.0
222,813.847,1.31667,0.0
223,814.812,1.22337,0.0
224,815.776,1.209,0.0
225,816.74,1.28675,0.0
226,817.704,1.30338,0.0
227,818.669,1.22645,0.0
228,819.633,1.19195,0.0
229,820.597,1.25292,0.0
230,821.562,1.29186,0.0
231,822.526,1.24092,0.0
232,823.49,1.2096,0.0
233,824.454,1.24477,0.0
234,825.419,1.28885,0.0
235,826.383,1.26819,0.0
236,827.347,1.2292,0.0
237,828.311,1.23802,0.0
238,829.276,1.27581,0.0
239,830.24,1.27684,0.0
240,831.204,1.24593,0.0
241,832.168,1.23331,0.0
242,833.133,1.2699,0.0
243,834.097,1.28575,0.0
244,835.061,1.2634,0.0
245,836.026,1.2517,0.0
246,836.99,1.27871,0.0
247,837.954,1.29008,0.0
248,838.918,1.27117,0.0
249,839.883,1.25226,0.0
250,840.847,1.27102,0.0
251,841.811,1.29289,0.0
252,842.775,1.28704,0.0
253,843.74,1.2701,0.0
254,844.704,1.28347,0.0
255,845.668,1.30464,0.0
256,846.633,1.30117,0.0
257,847.597,1.28121,0.0
258,848.561,1.28246,0.0
259,849.525,1.30217,0.0
260,850.49,1.3101,0.0
261,851.454,1.30129,0.0
262,852.418,1.30521,0.0
263,853.383,1.32174,0.0
264,854.347,1.33432,0.0
265,855.311,1.33593,0.0
266,856.275,1.33427,0.0
267,857.24,1.34077,0.0
268,858.204,1.34834,0.0
269,859.168,1.34786,0.0
270,860.132,1.34012,0.0
271,861.097,1.33989,0.0
272,862.061,1.3441,0.0
273,863.025,1.34743,0.0
274,863.99,1.35413,0.0
275,864.954,1.35212,0.0
276,865.918,1.36338,0.0
277,866.882,1.36972,0.0
278,867.847,1.3696,0.0
279,868.811,1.36065,0.0
280,869.775,1.3541,0.0
281,870.739,1.35656,0.0
282,871.704,1.36175,0.0
283,872.668,1.35965,0.0
284,873.632,1.3542,0.0
285,874.597,1.35651,0.0
286,875.561,1.37426,0.0
287,876.525,1.37723,0.0
288,877.489,1.37344,0.0
289,878.454,1.37215,0.0
290,879.418,1.38406,0.0
291,880.382,1.39002,0.0
292,881.346,1.38824,0.0
293,882.311,1.37772,0.0
294,883.275,1.37929,0.0
295,884.239,1.38288,0.0
296,885.204,1.38248,0.0
297,886.168,1.38793,0.0
298,887.132,1.39634,0.0
299,888.096,1.39593,0.0
300,889.061,1.39307,0.0
301,890.025,1.39032,0.0
302,890.989,1.39148,0.0
303,891.953,1.39629,0.0
304,892.918,1.39666,0.0
305,893.882,1.39514,0.0
306,894.846,1.39373,0.0
307,895.811,1.40259,0.0
308,896.775,1.40562,0.0
309,897.739,1.40168,0.0
310,898.703,1.39393,0.0
311,899.668,1.39673,0.0
312,900.632,1.39872,0.0
313,901.596,1.39943,0.0
314,902.561,1.39922,0.0
315,903.525,1.40352,0.0
316,904.489,1.40289,0.0
317,905.453,1.40136,0.0
318,906.418,1.40646,0.0
319,907.382,1.41794,0.0
320,908.346,1.41419,0.0
321,909.31,1.41141,0.0
322,910.275,1.41631,0.0
323,911.239,1.42474,0.0
324,912.203,1.42328,0.0
325,913.168,1.42455,0.0
326,914.132,1.4346,0.0
327,915.096,1.44144,0.0
328,916.06,1.4449,0.0
329,917.025,1.44843,0.0
330,917.989,1.45763,0.0
331,918.953,1.46381,0.0
332,919.917,1.46713,0.0
333,920.882,1.47116,0.0
334,921.846,1.48833,0.0
335,922.81,1.50231,0.0
336,923.774,1.50217,0.0
337,924.739,1.50672,0.0
338,925.703,1.52147,0.0
339,926.667,1.53033,0.0
340,927.632,1.53936,0.0
341,928.596,1.54192,0.0
342,929.56,1.55368,0.0
343,930.524,1.56952,0.0
344,931.489,1.58438,0.0
345,932.453,1.58759,0.0
346,933.417,1.59347,0.0
347,934.381,1.60866,0.0
348,935.346,1.62495,0.0
349,936.31,1.63187,0.0
350,937.274,1.64141,0.0
351,938.239,1.65739,0.0
352,939.203,1.68426,0.0
353,940.167,1.69259,0.0
354,941.131,1.69707,0.0
355,942.096,1.703,0.0
356,943.06,1.72694,0.0
357,944.024,1.73994,0.0
358,944.989,1.74941,0.0
359,945.953,1.76411,0.0
360,946.917,1.78734,0.0
361,947.881,1.80015,0.0
362,948.846,1.81192,0.0
363,949.81,1.8297,0.0
364,950.774,1.85671,0.0
365,951.739,1.87168,0.0
366,952.703,1.87799,0.0
367,953.667,1.8881,0.0
368,954.631,1.9134,0.0
369,955.596,1.9332,0.0
370,956.56,1.94472,0.0
371,957.524,1.94934,0.0
372,958.488,1.97027,0.0
373,959.453,1.99318,0.0
374,960.417,2.0109,0.0
375,961.381,2.01792,0.0
376,962.346,2.0301,0.0
377,963.31,2.05679,0.0
378,964.274,2.07698,0.0
379,965.238,2.08393,0.0
380,966.203,2.08946,0.0
381,967.167,2.11285,0.0
382,968.131,2.13386,0.0
383,969.095,2.14037,0.0
384,970.06,2.15065,0.0
385,971.024,2.16807,0.0
386,971.988,2.18756,0.0
387,972.952,2.19245,0.0
388,973.917,2.19639,0.0
389,974.881,2.21813,0.0
390,975.845,2.24167,0.0
391,976.81,2.24826,0.0
392,977.774,2.24891,0.0
393,978.738,2.25647,0.0
394,979.702,2.27414,0.0
395,980.667,2.28648,0.0
396,981.631,2.29102,0.0
397,982.595,2.29449,0.0
398,983.559,2.30989,0.0
399,984.524,2.32788,0.0
400,985.488,2.33706,0.0
401,986.452,2.3425,0.0
402,987.417,2.35534,0.0
403,988.381,2.36915,0.0
404,989.345,2.36881,0.0
405,990.309,2.37129,0.0
406,991.274,2.38207,0.0
407,992.238,2.39392,0.0
408,993.202,2.39933,0.0
409,994.167,2.40416,0.0
410,995.131,2.41126,0.0
411,996.095,2.4206,0.0
412,997.059,2.43299,0.0
413,998.024,2.44057,0.0
414,998.988,2.44516,0.0
415,999.952,2.45088,0.0
416,1000.92,2.45633,0.0
417,1001.88,2.46412,0.0
418,1002.85,2.47196,0.0
419,1003.81,2.47382,0.0
420,1004.77,2.48065,0.0
421,1005.74,2.48733,0.0
422,1006.7,2.49521,0.0
423,1007.67,2.50604,0.0
424,1008.63,2.51143,0.0
425,1009.6,2.51539,0.0
426,1010.56,2.52341,0.0
427,1011.52,2.53298,0.0
428,1012.49,2.54807,0.0
429,1013.45,2.55448,0.0
430,1014.42,2.56158,0.0
431,1015.38,2.56853,0.0
432,1016.35,2.58112,0.0
433,1017.31,2.58965,0.0
434,1018.27,2.60085,0.0
435,1019.24,2.61287,0.0
436,1020.2,2.62567,0.0
437,1021.17,2.63266,0.0
438,1022.13,2.63443,0.0
439,1023.1,2.64253,0.0
440,1024.06,2.663,0.0
441,1025.02,2.68023,0.0
442,1025.99,2.68956,0.0
443,1026.95,2.70217,0.0
444,1027.92,2.71625,0.0
445,1028.88,2.72788,0.0
446,1029.85,2.73395,0.0
447,1030.81,2.74757,0.0
448,1031.77,2.76635,0.0
449,1032.74,2.77723,0.0
450,1033.7,2.7879,0.0
451,1034.67,2.79492,0.0
452,1035.63,2.8084,0.0
453,1036.6,2.8152,0.0
454,1037.56,2.82843,0.0
455,1038.52,2.83829,0.0
456,1039.49,2.84251,0.0
457,1040.45,2.85485,0.0
458,1041.42,2.86338,0.0
459,1042.38,2.87083,0.0
460,1043.34,2.88508,0.0
461,1044.31,2.89261,0.0
462,1045.27,2.90157,0.0
463,1046.24,2.9016,0.0
464,1047.2,2.90516,0.0
465,1048.17,2.91553,0.0
466,1049.13,2.9317,0.0
467,1050.09,2.93035,0.0
468,1051.06,2.92753,0.0
469,1052.02,2.93473,0.0
470,1052.99,2.94253,0.0
471,1053.95,2.95304,0.0
472,1054.92,2.95293,0.0
473,1055.88,2.95707,0.0
474,1056.84,2.96371,0.0
475,1057.81,2.96394,0.0
476,1058.77,2.96331,0.0
477,1059.74,2.96457,0.0
478,1060.7,2.97832,0.0
479,1061.67,2.97988,0.0
480,1062.63,2.97796,0.0
481,1063.59,2.9791,0.0
482,1064.56,2.97982,0.0
483,1065.52,2.98104,0.0
484,1066.49,2.97729,0.0
485,1067.45,2.97104,0.0
486,1068.42,2.97228,0.0
487,1069.38,2.97782,0.0
488,1070.34,2.98146,0.0
489,1071.31,2.97699,0.0
490,1072.27,2.96691,0.0
491,1073.24,2.96496,0.0
492,1074.2,2.97168,0.0
493,1075.17,2.97263,0.0
494,1076.13,2.97133,0.0
495,1077.09,2.97449,0.0
496,1078.06,2.97713,0.0
497,1079.02,2.97383,0.0
498,1079.99,2.97459,0.0
499,1080.95,2.97686,0.0
500,1081.91,2.984,0.0
501,1082.88,2.98218,0.0
502,1083.84,2.97879,0.0
503,1084.81,2.98135,0.0
504,1085.77,2.98832,0.0
505,1086.74,2.98985,0.0
506,1087.7,2.98554,0.0
507,1088.66,2.98672,0.0
508,1089.63,2.99601,0.0
509,1090.59,2.99745,0.0
510,1091.56,2.9936,0.0
511,1092.52,2.99189,0.0
512,1093.49,2.9976,0.0
513,1094.45,3.01065,0.0
514,1095.41,3.02117,0.0
515,1096.38,3.01354,0.0
516,1097.34,3.00669,0.0
517,1098.31,3.01113,0.0
518,1099.27,3.02374,0.0
519,1100.24,3.02706,0.0
520,1101.2,3.03324,0.0
521,1102.16,3.03918,0.0
522,1103.13,3.04473,0.0
523,1104.09,3.04662,0.0
524,1105.06,3.04723,0.0
525,1106.02,3.05182,0.0
526,1106.99,3.06016,0.0
527,1107.95,3.06442,0.0
528,1108.91,3.06935,0.0
529,1109.88,3.0704,0.0
530,1110.84,3.0789,0.0
531,1111.81,3.08354,0.0
532,1112.77,3.08824,0.0
533,1113.74,3.08702,0.0
534,1114.7,3.09143,0.0
535,1115.66,3.10008,0.0
536,1116.63,3.10303,0.0
537,1117.59,3.10771,0.0
538,1118.56,3.11471,0.0
539,1119.52,3.11952,0.0
540,1120.49,3.11958,0.0
541,1121.45,3.11923,0.0
542,1122.41,3.11816,0.0
543,1123.38,3.12352,0.0
544,1124.34,3.13166,0.0
545,1125.31,3.12502,0.0
546,1126.27,3.12378,0.0
547,1127.24,3.1289,0.0
548,1128.2,3.13038,0.0
549,1129.16,3.1266,0.0
550,1130.13,3.12689,0.0
551,1131.09,3.13122,0.0
552,1132.06,3.13632,0.0
553,1133.02,3.13654,0.0
554,1133.99,3.1352,0.0
555,1134.95,3.13101,0.0
556,1135.91,3.13584,0.0
557,1136.88,3.13867,0.0
558,1137.84,3.14045,0.0
559,1138.81,3.14004,0.0
560,1139.77,3.14187,0.0
561,1140.74,3.14095,0.0
562,1141.7,3.13817,0.0
563,1142.66,3.13745,0.0
564,1143.63,3.13614,0.0
565,1144.59,3.13002,0.0
566,1145.56,3.12658,0.0
567,1146.52,3.12501,0.0
568,1147.49,3.12624,0.0
569,1148.45,3.12735,0.0
570,1149.41,3.12647,0.0
571,1150.38,3.12341,0.0
572,1151.34,3.11842,0.0
573,1152.31,3.11621,0.0
574,1153.27,3.11662,0.0
575,1154.24,3.11572,0.0
576,1155.2,3.1151,0.0
577,1156.16,3.11045,0.0
578,1157.13,3.10439,0.0
579,1158.09,3.09761,0.0
580,1159.06,3.09346,0.0
581,1160.02,3.09416,0.0
582,1160.99,3.09248,0.0
583,1161.95,3.08545,0.0
584,1162.91,3.08701,0.0
585,1163.88,3.0843,0.0
586,1164.84,3.07788,0.0
587,1165.81,3.07183,0.0
588,1166.77,3.06727,0.0
589,1167.74,3.06851,0.0
590,1168.7,3.06882,0.0
591,1169.66,3.06645,0.0
592,1170.63,3.06392,0.0
593,1171.59,3.05987,0.0
594,1172.56,3.05816,0.0
595,1173.52,3.04966,0.0
596,1174.49,3.04565,0.0
597,1175.45,3.04182,0.0
598,1176.41,3.04005,0.0
599,1177.38,3.03647,0.0
600,1178.34,3.03057,0.0
601,1179.31,3.02892,0.0
602,1180.27,3.03117,0.0
603,1181.24,3.03117,0.0
604,1182.2,3.02556,0.0
605,1183.16,3.01717,0.0
606,1184.13,3.01764,0.0
607,1185.09,3.01961,0.0
608,1186.06,3.02132,0.0
609,1187.02,3.01962,0.0
610,1187.99,3.02053,0.0
611,1188.95,3.01434,0.0
612,1189.91,3.01132,0.0
613,1190.88,3.01372,0.0
614,1191.84,3.01706,0.0
615,1192.81,3.01639,0.0
616,1193.77,3.0125,0.0
617,1194.73,3.01445,0.0
618,1195.7,3.0157,0.0
619,1196.66,3.01602,0.0
620,1197.63,3.0196,0.0
621,1198.59,3.02096,0.0
622,1199.56,3.02096,0.0
623,1200.52,3.02078,0.0
624,1201.48,3.02568,0.0
625,1202.45,3.02618,0.0
626,1203.41,3.03088,0.0
627,1204.38,3.03693,0.0
628,1205.34,3.03862,0.0
629,1206.31,3.04379,0.0
630,1207.27,3.04765,0.0
631,1208.23,3.05047,0.0
632,1209.2,3.05485,0.0
633,1210.16,3.06141,0.0
634,1211.13,3.0674,0.0
635,1212.09,3.07397,0.0
636,1213.06,3.08456,0.0
637,1214.02,3.08775,0.0
638,1214.98,3.09297,0.0
639,1215.95,3.09895,0.0
640,1216.91,3.10496,0.0
641,1217.88,3.11248,0.0
642,1218.84,3.1248,0.0
643,1219.81,3.13156,0.0
644,1220.77,3.13616,0.0
645,1221.73,3.14348,0.0
646,1222.7,3.15152,0.0
647,1223.66,3.1552,0.0
648,1224.63,3.1626,0.0
649,1225.59,3.17507,0.0
650,1226.56,3.18848,0.0
651,1227.52,3.19639,0.0
652,1228.48,3.20232,0.0
653,1229.45,3.21017,0.0
654,1230.41,3.21976,0.0
655,1231.38,3.22966,0.0
656,1232.34,3.23633,0.0
657,1233.31,3.24771,0.0
658,1234.27,3.26145,0.0
659,1235.23,3.27057,0.0
660,1236.2,3.27885,0.0
661,1237.16,3.28433,0.0
662,1238.13,3.2939,0.0
663,1239.09,3.301,0.0
664,1240.06,3.31074,0.0
665,1241.02,3.31574,0.0
666,1241.98,3.32222,0.0
667,1242.95,3.33157,0.0
668,1243.91,3.34246,0.0
669,1244.88,3.3471,0.0
670,1245.84,3.34666,0.0
671,1246.81,3.35338,0.0
672,1247.77,3.35722,0.0
673,1248.73,3.3562,0.0
674,1249.7,3.35962,0.0
675,1250.66,3.36079,0.0
676,1251.63,3.36354,0.0
677,1252.59,3.36349,0.0
678,1253.56,3.36568,0.0
679,1254.52,3.35698,0.0
680,1255.48,3.35646,0.0
681,1256.45,3.35746,0.0
682,1257.41,3.35546,0.0
683,1258.38,3.3566,0.0
684,1259.34,3.34936,0.0
685,1260.31,3.35738,0.0
686,1261.27,3.37297,0.0
687,1262.23,3.38158,0.0
688,1263.2,3.38965,0.0
689,1264.16,3.40482,0.0
690,1265.13,3.41223,0.0
691,1266.09,3.42437,0.0
692,1267.06,3.43281,0.0
693,1268.02,3.44121,0.0
694,1268.98,3.44713,0.0
695,1269.95,3.44884,0.0
696,1270.91,3.44836,0.0
697,1271.88,3.45252,0.0
698,1272.84,3.46317,0.0
699,1273.81,3.46943,0.0
700,1274.77,3.4733,0.0
701,1275.73,3.47272,0.0
702,1276.7,3.47598,0.0
703,1277.66,3.48006,0.0
704,1278.63,3.48517,0.0
705,1279.59,3.48779,0.0
706,1280.56,3.49124,0.0
707,1281.52,3.49316,0.0
708,1282.48,3.49855,0.0
709,1283.45,3.50301,0.0
710,1284.41,3.50692,0.0
711,1285.38,3.50882,0.0
712,1286.34,3.51132,0.0
713,1287.31,3.51624,0.0
714,1288.27,3.52258,0.0
715,1289.23,3.52555,0.0
716,1290.2,3.52704,0.0
717,1291.16,3.52641,0.0
718,1292.13,3.53147,0.0
719,1293.09,3.5304,0.0
720,1294.06,3.53107,0.0
721,1295.02,3.52908,0.0
722,1295.98,3.52737,0.0
723,1296.95,3.52786,0.0
724,1297.91,3.53014,0.0
725,1298.88,3.53192,0.0
726,1299.84,3.5327,0.0
727,1300.81,3.53273,0.0
728,1301.77,3.53439,0.0
729,1302.73,3.52982,0.0
730,1303.7,3.52912,0.0
731,1304.66,3.531,0.0
732,1305.63,3.5326,0.0
733,1306.59,3.52789,0.0
734,1307.56,3.52713,0.0
735,1308.52,3.52949,0.0
736,1309.48,3.52831,0.0
737,1310.45,3.52486,0.0
738,1311.41,3.51784,0.0
739,1312.38,3.51386,0.0
740,1313.34,3.51915,0.0
741,1314.31,3.51926,0.0
742,1315.27,3.51611,0.0
743,1316.23,3.504,0.0
744,1317.2,3.50531,0.0
745,1318.16,3.49584,0.0
746,1319.13,3.4996,0.0
747,1320.09,3.51112,0.0
748,1321.06,3.50762,0.0
749,1322.02,3.50288,0.0
750,1322.98,3.50206,0.0
751,1323.95,3.49972,0.0
752,1324.91,3.49831,0.0
753,1325.88,3.49581,0.0
754,1326.84,3.49485,0.0
755,1327.81,3.49601,0.0
756,1328.77,3.49972,0.0
757,1329.73,3.50266,0.0
758,1330.7,3.50823,0.0
759,1331.66,3.50301,0.0
760,1332.63,3.50182,0.0
761,1333.59,3.50044,0.0
762,1334.56,3.48747,0.0
763,1335.52,3.46138,0.0
764,1336.48,3.4549,0.0
765,1337.45,3.44164,0.0
766,1338.41,3.41646,0.0
767,1339.38,3.41172,0.0
768,1340.34,3.42862,0.0
769,1341.31,3.42861,0.0
770,1342.27,3.40428,0.0
771,1343.23,3.38842,0.0
772,1344.2,3.3816,0.0
773,1345.16,3.37216,0.0
774,1346.13,3.36019,0.0
775,1347.09,3.35351,0.0
776,1348.06,3.345,0.0
777,1349.02,3.33662,0.0
778,1349.98,3.33614,0.0
779,1350.95,3.32649,0.0
780,1351.91,3.31448,0.0
781,1352.88,3.30917,0.0
782,1353.84,3.29276,0.0
783,1354.81,3.28973,0.0
784,1355.77,3.2947,0.0
785,1356.73,3.27845,0.0
786,1357.7,3.26629,0.0
787,1358.66,3.25985,0.0
788,1359.63,3.23539,0.0
789,1360.59,3.20431,0.0
790,1361.56,3.20531,0.0
791,1362.52,3.17086,0.0
792,1363.48,3.2376,0.0
793,1364.45,3.23571,0.0
794,1365.41,3.19006,0.0
795,1366.38,3.17993,0.0
796,1367.34,3.15051,0.0
797,1368.31,3.1461,0.0
798,1369.27,3.16153,0.0
799,1370.23,3.15392,0.0
800,1371.2,3.1381,0.0
801,1372.16,3.09856,0.0
802,1373.13,3.07011,0.0
803,1374.09,3.10465,0.0
804,1375.06,3.13045,0.0
805,1376.02,3.12762,0.0
806,1376.98,3.08921,0.0
807,1377.95,3.07974,0.0
808,1378.91,3.07992,0.0
809,1379.88,3.0725,0.0
810,1380.84,3.06191,0.0
811,1381.81,3.05109,0.0
812,1382.77,3.04231,0.0
813,1383.73,3.03573,0.0
814,1384.7,3.02801,0.0
815,1385.66,2.97848,0.0
816,1386.63,2.93012,0.0
817,1387.59,3.00916,0.0
818,1388.56,3.0663,0.0
819,1389.52,2.99737,0.0
820,1390.48,2.96692,0.0
821,1391.45,2.96044,0.0
822,1392.41,2.93816,0.0
823,1393.38,2.87363,0.0
824,1394.34,2.87876,0.0
825,1395.3,2.98906,0.0
826,1396.27,2.95897,0.0
827,1397.23,2.87995,0.0
828,1398.2,2.83221,0.0
829,1399.16,2.90196,0.0
830,1400.13,2.94185,0.0
831,1401.09,2.87745,0.0
832,1402.05,2.85117,0.0
833,1403.02,2.83159,0.0
834,1403.98,2.77461,0.0
835,1404.95,2.8017,0.0
836,1405.91,2.8643,0.0
837,1406.88,2.81494,0.0
838,1407.84,2.78426,0.0
839,1408.8,2.75816,0.0
840,1409.77,2.74902,0.0
841,1410.73,2.7333,0.0
842,1411.7,2.73089,0.0
843,1412.66,2.72053,0.0
844,1413.63,2.70728,0.0
845,1414.59,2.67815,0.0
846,1415.55,2.65438,0.0
847,1416.52,2.63043,0.0
848,1417.48,2.59015,0.0
849,1418.45,2.48709,0.0
850,1419.41,2.70134,0.0
851,1420.38,2.81325,0.0
852,1421.34,2.65195,0.0
853,1422.3,2.57198,0.0
854,1423.27,2.54354,0.0
855,1424.23,2.61329,0.0
856,1425.2,2.61368,0.0
857,1426.16,2.57681,0.0
858,1427.12,2.56157,0.0
859,1428.09,2.53756,0.0
860,1429.05,2.48424,0.0
861,1430.02,2.51935,0.0
862,1430.98,2.56757,0.0
863,1431.95,2.52242,0.0
864,1432.91,2.50657,0.0
865,1433.88,2.50192,0.0
866,1434.84,2.4226,0.0
867,1435.8,2.21895,0.0
868,1436.77,2.37378,0.0
869,1437.73,2.61604,0.0
870,1438.7,2.48183,0.0
871,1439.66,2.40556,0.0
872,1440.62,2.37669,0.0
873,1441.59,2.35672,0.0
874,1442.55,2.33799,0.0
875,1443.52,2.32855,0.0
876,1444.48,2.30333,0.0
877,1445.45,2.29085,0.0
878,1446.41,2.22116,0.0
879,1447.38,2.19476,0.0
880,1448.34,2.29577,0.0
881,1449.3,2.29019,0.0
882,1450.27,2.23567,0.0
883,1451.23,2.20179,0.0
884,1452.2,2.20366,0.0
885,1453.16,2.21177,0.0
886,1454.12,2.15149,0.0
887,1455.09,2.07743,0.0
888,1456.05,1.88151,0.0
889,1457.02,2.13829,0.0
890,1457.98,2.32396,0.0
891,1458.95,2.2563,0.0
892,1459.91,2.23144,0.0
893,1460.88,2.18384,0.0
894,1461.84,2.15101,0.0
895,1462.8,2.11355,0.0
896,1463.77,2.03741,0.0
897,1464.73,2.10758,0.0
898,1465.7,2.23343,0.0
899,1466.66,2.14653,0.0
900,1467.62,2.11896,0.0
901,1468.59,2.11075,0.0
902,1469.55,2.0973,0.0
903,1470.52,2.01908,0.0
904,1471.48,1.92221,0.0
905,1472.45,2.01802,0.0
906,1473.41,2.17641,0.0
907,1474.38,2.19573,0.0
908,1475.34,2.03632,0.0
909,1476.3,2.09072,0.0
910,1477.27,2.15289,0.0
911,1478.23,2.07892,0.0
912,1479.2,2.06272,0.0
913,1480.16,2.02866,0.0
914,1481.12,2.04654,0.0
915,1482.09,2.06264,0.0
916,1483.05,2.04752,0.0
917,1484.02,2.03373,0.0
918,1484.98,2.01496,0.0
919,1485.95,1.97593,0.0
920,1486.91,1.97289,0.0
921,1487.88,2.0287,0.0
922,1488.84,1.96242,0.0
923,1489.8,1.93506,0.0
924,1490.77,2.04313,0.0
925,1491.73,2.08315,0.0
926,1492.7,2.02105,0.0
927,1493.66,1.97936,0.0
928,1494.62,1.86512,0.0
929,1495.59,1.78744,0.0
930,1496.55,2.08375,0.0
931,1497.52,2.04223,0.0
932,1498.48,1.91179,0.0
933,1499.45,2.02909,0.0
934,1500.41,1.9808,0.0
935,1501.38,1.93019,0.0
936,1502.34,1.9362,0.0
937,1503.3,1.90476,0.0
938,1504.27,1.7771,0.0
939,1505.23,1.59316,0.0
940,1506.2,1.71394,0.0
941,1507.16,2.01632,0.0
942,1508.12,2.04334,0.0
943,1509.09,1.9467,0.0
944,1510.05,1.93934,0.0
945,1511.02,1.87155,0.0
946,1511.98,1.84436,0.0
947,1512.95,1.92075,0.0
948,1513.91,1.85041,0.0
949,1514.88,1.79424,0.0
950,1515.84,1.75704,0.0
951,1516.8,1.75525,0.0
952,1517.77,1.90777,0.0
953,1518.73,1.81382,0.0
954,1519.7,1.6459,0.0
955,1520.66,1.59499,0.0
956,1521.62,1.88774,0.0
957,1522.59,1.92174,0.0
958,1523.55,1.84041,0.0
959,1524.52,1.69847,0.0
960,1525.48,1.78493,0.0
961,1526.45,1.83012,0.0
962,1527.41,1.73977,0.0
963,1528.37,1.77458,0.0
964,1529.34,1.78347,0.0
965,1530.3,1.71971,0.0
966,1531.27,1.69236,0.0
967,1532.23,1.59286,0.0
968,1533.2,1.57239,0.0
969,1534.16,1.80993,0.0
970,1535.12,1.771,0.0
971,1536.09,1.69604,0.0
972,1537.05,1.57132,0.0
973,1538.02,1.40645,0.0
974,1538.98,1.43656,0.0
975,1539.95,1.74469,0.0
976,1540.91,1.74326,0.0
977,1541.87,1.68988,0.0
978,1542.84,1.82825,0.0
979,1543.8,1.65425,0.0
980,1544.77,1.61686,0.0
981,1545.73,1.81708,0.0
982,1546.7,1.78184,0.0
983,1547.66,1.68359,0.0
984,1548.62,1.61878,0.0
985,1549.59,1.6126,0.0
986,1550.55,1.75257,0.0
987,1551.52,1.73244,0.0
988,1552.48,1.61851,0.0
989,1553.44,1.47949,0.0
990,1554.41,1.67908,0.0
991,1555.37,1.7814,0.0
992,1556.34,1.57694,0.0
993,1557.3,1.27515,0.0
994,1558.27,1.4505,0.0
995,1559.23,1.6495,0.0
996,1560.19,1.95055,0.0
997,1561.16,1.9846,0.0
998,1562.12,1.72837,0.0
999,1563.09,1.68046,0.0
1000,1564.05,1.62064,0.0
1001,1565.02,1.68274,0.0
1002,1565.98,1.73027,0.0
1003,1566.94,1.6815,0.0
1004,1567.91,1.60522,0.0
1005,1568.87,1.51622,0.0
1006,1569.84,1.68279,0.0
1007,1570.8,1.82626,0.0
1008,1571.77,1.73376,0.0
1009,1572.73,1.69638,0.0
1010,1573.69,1.6785,0.0
1011,1574.66,1.58121,0.0
1012,1575.62,1.45512,0.0
1013,1576.59,1.8349,0.0
1014,1577.55,1.87014,0.0
1015,1578.52,1.75942,0.0
1016,1579.48,1.73042,0.0
1017,1580.44,1.74192,0.0
1018,1581.41,1.74783,0.0
1019,1582.37,1.75637,0.0
1020,1583.34,1.76247,0.0
1021,1584.3,1.76688,0.0
1022,1585.27,1.7714,0.0
1023,1586.23,1.77262,0.0
1024,1587.19,1.7714,0.0
1025,1588.16,1.78362,0.0
1026,1589.12,1.78501,0.0
1027,1590.09,1.79886,0.0
1028,1591.05,1.79966,0.0
1029,1592.02,1.80811,0.0
1030,1592.98,1.80005,0.0
1031,1593.94,1.80723,0.0
1032,1594.91,1.82746,0.0
1033,1595.87,1.836,0.0
1034,1596.84,1.84293,0.0
1035,1597.8,1.85103,0.0
1036,1598.77,1.85743,0.0
1037,1599.73,1.86344,0.0
1038,1600.69,1.8648,0.0
1039,1601.66,1.87491,0.0
1040,1602.62,1.87077,0.0
1041,1603.59,1.89231,0.0
1042,1604.55,1.8957,0.0
1043,1605.52,1.89476,0.0
1044,1606.48,1.89094,0.0
1045,1607.44,1.91219,0.0
1046,1608.41,1.90889,0.0
1047,1609.37,1.91669,0.0
1048,1610.34,1.94032,0.0
1049,1611.3,1.93255,0.0
1050,1612.27,1.94091,0.0
1051,1613.23,1.94655,0.0
1052,1614.19,1.93066,0.0
1053,1615.16,1.83713,0.0
1054,1616.12,1.70878,0.0
1055,1617.09,2.06348,0.0
1056,1618.05,2.12239,0.0
1057,1619.02,2.00248,0.0
1058,1619.98,1.97794,0.0
1059,1620.94,1.96778,0.0
1060,1621.91,1.93291,0.0
1061,1622.87,1.86589,0.0
1062,1623.84,2.03129,0.0
1063,1624.8,2.0862,0.0
1064,1625.77,2.01646,0.0
1065,1626.73,1.93496,0.0
1066,1627.69,1.9936,0.0
1067,1628.66,2.06925,0.0
1068,1629.62,2.02618,0.0
1069,1630.59,2.01904,0.0
1070,1631.55,2.01251,0.0
1071,1632.52,2.01552,0.0
1072,1633.48,1.93932,0.0
1073,1634.44,1.69896,0.0
1074,1635.41,1.88177,0.0
1075,1636.37,2.23991,0.0
1076,1637.34,2.10941,0.0
1077,1638.3,2.09845,0.0
1078,1639.27,2.06074,0.0
1079,1640.23,2.03728,0.0
1080,1641.19,2.02416,0.0
1081,1642.16,2.03161,0.0
1082,1643.12,2.02311,0.0
1083,1644.09,1.99679,0.0
1084,1645.05,1.79035,0.0
1085,1646.02,1.91612,0.0
1086,1646.98,2.0863,0.0
1087,1647.94,2.08594,0.0
1088,1648.91,2.12455,0.0
1089,1649.87,2.03783,0.0
1090,1650.84,1.91515,0.0
1091,1651.8,1.4963,0.0
1092,1652.77,1.69164,0.0
1093,1653.73,2.35279,0.0
1094,1654.69,2.27498,0.0
1095,1655.66,2.16903,0.0
1096,1656.62,2.02956,0.0
1097,1657.59,2.03181,0.0
1098,1658.55,2.0276,0.0
1099,1659.52,2.03321,0.0
1100,1660.48,2.00659,0.0
1101,1661.44,1.91598,0.0
1102,1662.41,1.91094,0.0
1103,1663.37,2.13132,0.0
1104,1664.34,2.09304,0.0
1105,1665.3,2.02611,0.0
1106,1666.27,2.01684,0.0
1107,1667.23,1.97559,0.0
1108,1668.19,1.81959,0.0
1109,1669.16,1.91639,0.0
1110,1670.12,2.10642,0.0
1111,1671.09,2.0277,0.0
1112,1672.05,2.07642,0.0
1113,1673.02,2.05905,0.0
1114,1673.98,1.85549,0.0
1115,1674.94,1.88695,0.0
1116,1675.91,2.16149,0.0
1117,1676.87,2.09678,0.0
1118,1677.84,2.01593,0.0
1119,1678.8,1.96664,0.0
1120,1679.77,1.96437,0.0
1121,1680.73,2.03799,0.0
1122,1681.69,1.94635,0.0
1123,1682.66,1.83746,0.0
1124,1683.62,1.71391,0.0
1125,1684.59,1.94555,0.0
1126,1685.55,2.34627,0.0
1127,1686.52,2.16739,0.0
1128,1687.48,1.99562,0.0
1129,1688.44,2.00083,0.0
1130,1689.41,2.00828,0.0
1131,1690.37,2.03475,0.0
1132,1691.34,2.04435,0.0
1133,1692.3,2.00553,0.0
1134,1693.27,2.00017,0.0
1135,1694.23,1.87705,0.0
1136,1695.19,1.67011,0.0
1137,1696.16,2.08007,0.0
1138,1697.12,2.18118,0.0
1139,1698.09,1.99101,0.0
1140,1699.05,1.57897,0.0
1141,1700.02,1.62011,0.0
1142,1700.98,2.31299,0.0
1143,1701.94,2.17197,0.0
1144,1702.91,1.99448,0.0
1145,1703.87,1.89671,0.0
1146,1704.84,1.95622,0.0
1147,1705.8,1.92634,0.0
1148,1706.77,1.99566,0.0
1149,1707.73,2.03476,0.0
1150,1708.69,1.94009,0.0
1151,1709.66,1.9275,0.0
1152,1710.62,1.95472,0.0
1153,1711.59,1.95407,0.0
1154,1712.55,1.8915,0.0
1155,1713.52,1.85101,0.0
1156,1714.48,1.81627,0.0
1157,1715.44,1.92427,0.0
1158,1716.41,1.79523,0.0
1159,1717.37,1.77842,0.0
1160,1718.34,2.0072,0.0
1161,1719.3,2.03152,0.0
1162,1720.27,1.94556,0.0
1163,1721.23,1.86327,0.0
1164,1722.19,1.83427,0.0
1165,1723.16,1.82354,0.0
1166,1724.12,1.84911,0.0
1167,1725.09,1.83234,0.0
1168,1726.05,1.81174,0.0
1169,1727.02,1.79477,0.0
1170,1727.98,1.77481,0.0
1171,1728.94,1.69824,0.0
1172,1729.91,1.72542,0.0
1173,1730.87,1.77961,0.0
1174,1731.84,1.68479,0.0
1175,1732.8,1.47527,0.0
1176,1733.77,1.5168,0.0
1177,1734.73,1.85602,0.0
1178,1735.69,1.86757,0.0
1179,1736.66,1.70542,0.0
1180,1737.62,1.63124,0.0
1181,1738.59,1.54485,0.0
1182,1739.55,1.52667,0.0
1183,1740.52,1.69545,0.0
1184,1741.48,1.64148,0.0
1185,1742.44,1.49865,0.0
1186,1743.41,1.53024,0.0
1187,1744.37,1.53893,0.0
1188,1745.34,1.50276,0.0
1189,1746.3,1.44917,0.0
1190,1747.27,1.43342,0.0
1191,1748.23,1.40714,0.0
1192,1749.19,1.44064,0.0
1193,1750.16,1.33573,0.0
1194,1751.12,1.35903,0.0
1195,1752.09,1.51762,0.0
1196,1753.05,1.4165,0.0
1197,1754.01,1.34683,0.0
1198,1754.98,1.3154,0.0
1199,1755.94,1.22424,0.0
1200,1756.91,1.28158,0.0
1201,1757.87,1.34009,0.0
1202,1758.84,1.28482,0.0
1203,1759.8,1.24069,0.0
1204,1760.76,1.10235,0.0
1205,1761.73,1.1634,0.0
1206,1762.69,1.31443,0.0
1207,1763.66,1.24571,0.0
1208,1764.62,1.17605,0.0
1209,1765.59,1.17356,0.0
1210,1766.55,1.10806,0.0
1211,1767.51,1.03692,0.0
1212,1768.48,1.1528,0.0
1213,1769.44,1.14761,0.0
1214,1770.41,1.0331,0.0
1215,1771.37,0.944543,0.0
1216,1772.34,1.00463,0.0
1217,1773.3,1.24266,0.0
1218,1774.26,1.10249,0.0
1219,1775.23,1.03625,0.0
1220,1776.19,1.05438,0.0
1221,1777.16,1.0508,0.0
1222,1778.12,1.00136,0.0
1223,1779.09,0.993629,0.0
1224,1780.05,0.951456,0.0
1225,1781.01,1.00612,0.0
1226,1781.98,1.00803,0.0
1227,1782.94,0.95795,0.0
1228,1783.91,0.9196,0.0
1229,1784.87,0.940499,0.0
1230,1785.84,0.987908,0.0
1231,1786.8,0.951706,0.0
1232,1787.76,0.922594,0.0
1233,1788.73,0.923768,0.0
1234,1789.69,0.859585,0.0
1235,1790.66,0.853334,0.0
1236,1791.62,0.791773,0.0
1237,1792.59,0.860053,0.0
1238,1793.55,1.01966,0.0
1239,1794.51,0.880717,0.0
1240,1795.48,0.859017,0.0
1241,1796.44,0.873263,0.0
1242,1797.41,0.882465,0.0
1243,1798.37,0.807603,0.0
1244,1799.34,0.824531,0.0
1245,1800.3,0.867948,0.0
1246,1801.26,0.825609,0.0
1247,1802.23,0.840431,0.0
1248,1803.19,0.851396,0.0
1249,1804.16,0.84076,0.0
1250,1805.12,0.814642,0.0
1251,1806.09,0.821478,0.0
1252,1807.05,0.803147,0.0
1253,1808.01,0.791432,0.0
1254,1808.98,0.796635,0.0
1255,1809.94,0.736222,0.0
1256,1810.91,0.787381,0.0
1257,1811.87,0.783679,0.0
1258,1812.84,0.790337,0.0
1259,1813.8,0.779637,0.0
1260,1814.76,0.737223,0.0
1261,1815.73,0.772117,0.0
1262,1816.69,0.696171,0.0
1263,1817.66,0.734913,0.0
1264,1818.62,0.707735,0.0
1265,1819.59,0.716503,0.0
1266,1820.55,0.705708,0.0
1267,1821.51,0.686318,0.0
1268,1822.48,0.695935,0.0
1269,1823.44,0.657621,0.0
1270,1824.41,0.625371,0.0
1271,1825.37,0.695362,0.0
1272,1826.34,0.745718,0.0
1273,1827.3,0.688685,0.0
1274,1828.26,0.608581,0.0
1275,1829.23,0.590364,0.0
1276,1830.19,0.694323,0.0
1277,1831.16,0.737554,0.0
1278,1832.12,0.647445,0.0
1279,1833.09,0.650588,0.0
1280,1834.05,0.653796,0.0
1281,1835.01,0.623218,0.0
1282,1835.98,0.626328,0.0
1283,1836.94,0.602378,0.0
1284,1837.91,0.627215,0.0
1285,1838.87,0.60925,0.0
1286,1839.84,0.607045,0.0
1287,1840.8,0.602078,0.0
1288,1841.76,0.586182,0.0
1289,1842.73,0.549744,0.0
1290,1843.69,0.4604,0.0
1291,1844.66,0.661204,0.0
1292,1845.62,0.681049,0.0
1293,1846.59,0.587361,0.0
1294,1847.55,0.57356,0.0
1295,1848.51,0.571768,0.0
1296,1849.48,0.576411,0.0
1297,1850.44,0.551591,0.0
1298,1851.41,0.563939,0.0
1299,1852.37,0.543081,0.0
1300,1853.34,0.541484,0.0
1301,1854.3,0.536762,0.0
1302,1855.26,0.520824,0.0
1303,1856.23,0.532934,0.0
1304,1857.19,0.508991,0.0
1305,1858.16,0.522826,0.0
1306,1859.12,0.521659,0.0
1307,1860.09,0.522069,0.0
1308,1861.05,0.51735,0.0
1309,1862.01,0.497228,0.0
1310,1862.98,0.501982,0.0
1311,1863.94,0.481475,0.0
1312,1864.91,0.490808,0.0
1313,1865.87,0.473177,0.0
1314,1866.83,0.453462,0.0
1315,1867.8,0.454029,0.0
1316,1868.76,0.431798,0.0
1317,1869.73,0.513421,0.0
1318,1870.69,0.507413,0.0
1319,1871.66,0.484512,0.0
1320,1872.62,0.469428,0.0
1321,1873.58,0.453751,0.0
1322,1874.55,0.466035,0.0
1323,1875.51,0.439718,0.0
1324,1876.48,0.455192,0.0
1325,1877.44,0.429999,0.0
1326,1878.41,0.439509,0.0
1327,1879.37,0.426739,0.0
1328,1880.33,0.414604,0.0
1329,1881.3,0.426527,0.0
1330,1882.26,0.41606,0.0
1331,1883.23,0.428356,0.0
1332,1884.19,0.39931,0.0
1333,1885.16,0.414888,0.0
1334,1886.12,0.401948,0.0
1335,1887.08,0.390132,0.0
1336,1888.05,0.392504,0.0
1337,1889.01,0.344878,0.0
1338,1889.98,0.409595,0.0
1339,1890.94,0.397496,0.0
1340,1891.91,0.391149,0.0
1341,1892.87,0.379145,0.0
1342,1893.83,0.354688,0.0
1343,1894.8,0.370681,0.0
1344,1895.76,0.370873,0.0
1345,1896.73,0.37847,0.0
1346,1897.69,0.352878,0.0
1347,1898.66,0.3662,0.0
1348,1899.62,0.34221,0.0
1349,1900.58,0.327071,0.0
1350,1901.55,0.341052,0.0
1351,1902.51,0.320006,0.0
1352,1903.48,0.336623,0.0
1353,1904.44,0.320157,0.0
1354,1905.4,0.318712,0.0
1355,1906.37,0.323849,0.0
1356,1907.33,0.308191,0.0
1357,1908.3,0.325446,0.0
1358,1909.26,0.282819,0.0
1359,1910.23,0.310635,0.0
1360,1911.19,0.305707,0.0
1361,1912.15,0.290311,0.0
1362,1913.12,0.287837,0.0
1363,1914.08,0.275874,0.0
1364,1915.05,0.296675,0.0
1365,1916.01,0.2664,0.0
1366,1916.98,0.244395,0.0
1367,1917.94,0.253427,0.0
1368,1918.9,0.310555,0.0
1369,1919.87,0.277141,0.0
1370,1920.83,0.249114,0.0
1371,1921.8,0.258845,0.0
1372,1922.76,0.235623,0.0
1373,1923.73,0.281929,0.0
1374,1924.69,0.237635,0.0
1375,1925.65,0.227684,0.0
1376,1926.62,0.24889,0.0
1377,1927.58,0.230844,0.0
1378,1928.55,0.262778,0.0
1379,1929.51,0.217235,0.0
1380,1930.48,0.246075,0.0
1381,1931.44,0.198134,0.0
1382,1932.4,0.181802,0.0
1383,1933.37,0.210736,0.0
1384,1934.33,0.194698,0.0
1385,1935.3,0.228179,0.0
1386,1936.26,0.190115,0.0
1387,1937.23,0.217173,0.0
1388,1938.19,0.17644,0.0
1389,1939.15,0.158751,0.0
1390,1940.12,0.184246,0.0
1391,1941.08,0.133855,0.0
1392,1942.05,0.171372,0.0
1393,1943.01,0.198181,0.0
1394,1943.98,0.217,0.0
1395,1944.94,0.143341,0.0
1396,1945.9,0.148849,0.0
1397,1946.87,0.179376,0.0
1398,1947.83,0.141024,0.0
1399,1948.8,0.170414,0.0
1400,1949.76,0.132497,0.0
1401,1950.73,0.162081,0.0
1402,1951.69,0.109002,0.0
1403,1952.65,0.110015,0.0
1404,1953.62,0.152307,0.0
1405,1954.58,0.109513,0.0
1406,1955.55,0.15267,0.0
1407,1956.51,0.090546,0.0
1408,1957.48,0.141998,0.0
1409,1958.44,0.0923459,0.0
1410,1959.4,0.11379,0.0
1411,1960.37,0.141214,0.0
1412,1961.33,0.080621,0.0
1413,1962.3,0.105141,0.0
1414,1963.26,0.0526883,0.0
1415,1964.23,0.0774803,0.0
1416,1965.19,0.0752378,0.0
1417,1966.15,0.063599,0.0
1418,1967.12,0.101899,0.0
1419,1968.08,0.0793843,0.0
1420,1969.05,0.107741,0.0
1421,1970.01,0.05418,0.0
1422,1970.98,0.082592,0.0
1423,1971.94,0.0579786,0.0
1424,1972.9,0.0453006,0.0
1425,1973.87,0.0768026,0.0
1426,1974.83,0.0448459,0.0
1427,1975.8,0.0614015,0.0
1428,1976.76,0.00861892,0.0
1429,1977.73,-0.0341118,0.0
1430,1978.69,-0.0155439,0.0
1431,1979.65,0.05718,0.0
1432,1980.62,0.00144895,0.0
1433,1981.58,0.0733153,0.0
1434,1982.55,0.0416373,0.0
1435,1983.51,0.0847275,0.0
1436,1984.48,0.0531949,0.0
1437,1985.44,0.0497503,0.0
1438,1986.4,0.0603693,0.0
1439,1987.37,0.0403105,0.0
1440,1988.33,0.0620341,0.0
1441,1989.3,0.0513284,0.0
1442,1990.26,0.0528707,0.0
1443,1991.23,0.0338345,0.0
1444,1992.19,0.0638907,0.0
1445,1993.15,0.067183,0.0
1446,1994.12,0.0571788,0.0
1447,1995.08,0.0627315,0.0
1448,1996.05,0.0688463,0.0
1449,1997.01,0.0561264,0.0
1450,1997.98,0.0651617,0.0
1451,1998.94,0.0491691,0.0
1452,1999.9,0.0421669,0.0
1453,2000.87,0.0683336,0.0
1454,2001.83,0.0307697,0.0
1455,2002.8,0.0731798,0.0
1456,2003.76,0.0159019,0.0
1457,2004.73,0.0663835,0.0
1458,2005.69,0.0331281,0.0
1459,2006.65,-0.0112398,0.0
1460,2007.62,0.000456834,0.0
1461,2008.58,0.0155292,0.0
1462,2009.55,0.0238369,0.0
1463,2010.51,0.0139127,0.0
1464,2011.48,0.0194802,0.0
1465,2012.44,0.0245125,0.0
1466,2013.4,0.0292304,0.0
1467,2014.37,0.0333069,0.0
1468,2015.33,-0.00149671,0.0
1469,2016.3,0.00219909,0.0
1470,2017.26,-0.00359331,0.0
1471,2018.22,0.00271682,0.0
1472,2019.19,0.0126727,0.0
1473,2020.15,0.00135319,0.0
1474,2021.12,0.00488331,0.0
1475,2022.08,-0.0174369,0.0
1476,2023.05,-0.0116965,0.0
1477,2024.01,-0.0122811,0.0
1478,2024.97,-0.00179565,0.0
1479,2025.94,0.000293254,0.0
1480,2026.9,-0.00806207,0.0
1481,2027.87,-0.011677,0.0
1482,2028.83,0.00392472,0.0
1483,2029.8,0.000849412,0.0
1484,2030.76,-0.0266108,0.0
1485,2031.72,-0.0364866,0.0
1486,2032.69,-0.038476,0.0
1487,2033.65,-0.032071,0.0
1488,2034.62,-0.0606659,0.0
1489,2035.58,-0.0169295,0.0
1490,2036.55,-0.0690138,0.0
1491,2037.51,-0.00527516,0.0
1492,2038.47,-0.000603881,0.0
1493,2039.44,-0.0450704,0.0
1494,2040.4,-0.0240888,0.0
1495,2041.37,-0.0650236,0.0
1496,2042.33,-0.00809585,0.0
1497,2043.3,-0.0294234,0.0
1498,2044.26,0.0037902,0.0
1499,2045.22,-0.0217834,0.0
1500,2046.19,-0.0691814,0.0
1501,2047.15,-0.0430377,0.0
1502,2048.12,-0.0866935,0.0
1503,2049.08,-0.0495349,0.0
1504,2050.05,-0.164012,0.0
1505,2051.01,0.0159072,0.0
1506,2051.97,0.0226626,0.0
1507,2052.94,-0.00762963,0.0
1508,2053.9,-0.0229965,0.0
1509,2054.87,-0.0605022,0.0
1510,2055.83,-0.00987328,0.0
1511,2056.8,-0.043028,0.0
1512,2057.76,-0.0298613,0.0
1513,2058.72,-0.0335466,0.0
1514,2059.69,-0.0527033,0.0
1515,2060.65,-0.0266677,0.0
1516,2061.62,-0.0448715,0.0
1517,2062.58,-0.0291301,0.0
1518,2063.55,-0.0461204,0.0
1519,2064.51,-0.0309859,0.0
1520,2065.47,-0.0181054,0.0
1521,2066.44,-0.0325999,0.0
1522,2067.4,-0.0165497,0.0
1523,2068.37,-0.0403359,0.0
1524,2069.33,-0.0188722,0.0
1525,2070.3,-0.0441604,0.0
1526,2071.26,-0.0448006,0.0
1527,2072.22,-0.0327817,0.0
1528,2073.19,-0.0538583,0.0
1529,2074.15,-0.0132681,0.0
1530,2075.12,-0.0338199,0.0
1531,2076.08,-0.0214168,0.0
1532,2077.05,-0.0450409,0.0
1533,2078.01,-0.0253551,0.0
1534,2078.97,-0.00712623,0.0
1535,2079.94,-0.0336895,0.0
1536,2080.9,-0.0211707,0.0
1537,2081.87,-0.0378679,0.0
1538,2082.83,-0.00964827,0.0
1539,2083.8,-0.0302111,0.0
1540,2084.76,-0.0194373,0.0
1541,2085.72,-0.0111999,0.0
1542,2086.69,-0.0243958,0.0
1543,2087.65,-0.00584543,0.0
1544,2088.62,-0.00352842,0.0
1545,2089.58,-0.00448531,0.0
1546,2090.55,-0.0014047,0.0
1547,2091.51,-0.000257531,0.0
1548,2092.47,-0.013022,0.0
1549,2093.44,0.00189772,0.0
1550,2094.4,-0.0403584,0.0
1551,2095.37,-0.0382049,0.0
1552,2096.33,-0.0239146,0.0
1553,2097.3,-0.024581,0.0
1554,2098.26,-0.00996712,0.0
1555,2099.22,-0.00231545,0.0
1556,2100.19,-0.00639183,0.0
1557,2101.15,0.00275077,0.0
1558,2102.12,-0.0104981,0.0
1559,2103.08,0.00160719,0.0
1560,2104.05,-0.00220943,0.0
1561,2105.01,0.00117411,0.0
1562,2105.97,0.00314251,0.0
1563,2106.94,-0.00720341,0.0
1564,2107.9,0.00760151,0.0
1565,2108.87,0.00298114,0.0
1566,2109.83,0.00172419,0.0
1567,2110.8,-0.0124409,0.0
1568,2111.76,0.000641412,0.0
1569,2112.72,0.0257605,0.0
1570,2113.69,0.0187878,0.0
1571,2114.65,0.0306389,0.0
1572,2115.62,0.0344918,0.0
1573,2116.58,0.0260659,0.0
1574,2117.55,0.0250711,0.0
1575,2118.51,0.0192639,0.0
1576,2119.47,0.0339573,0.0
1577,2120.44,0.0504016,0.0
1578,2121.4,0.0113418,0.0
1579,2122.37,0.0324146,0.0
1580,2123.33,0.0237988,0.0
1581,2124.3,0.0573535,0.0
1582,2125.26,0.0521433,0.0
1583,2126.22,0.034738,0.0
1584,2127.19,0.0719047,0.0
1585,2128.15,0.0256541,0.0
1586,2129.12,0.0790777,0.0
1587,2130.08,0.025882,0.0
1588,2131.05,0.0931842,0.0
1589,2132.01,0.0642061,0.0
1590,2132.97,0.0214171,0.0
1591,2133.94,0.0736796,0.0
1592,2134.9,-0.012991,0.0
1593,2135.87,0.0403332,0.0
1594,2136.83,0.00411958,0.0
1595,2137.8,0.0458138,0.0
1596,2138.76,0.0422122,0.0
1597,2139.72,0.0320292,0.0
1598,2140.69,0.0779273,0.0
1599,2141.65,0.0269679,0.0
1600,2142.62,0.0821228,0.0
1601,2143.58,0.0438061,0.0
1602,2144.55,0.0902319,0.0
1603,2145.51,0.070678,0.0
1604,2146.47,0.0377756,0.0
1605,2147.44,0.0834835,0.0
1606,2148.4,0.0576252,0.0
1607,2149.37,0.106501,0.0
1608,2150.33,0.0530043,0.0
1609,2151.3,0.110968,0.0
1610,2152.26,0.102778,0.0
1611,2153.22,0.0905106,0.0
1612,2154.19,0.19055,0.0
1613,2155.15,0.103255,0.0
1614,2156.12,0.205287,0.0
1615,2157.08,0.069433,0.0
1616,2158.05,0.124905,0.0
1617,2159.01,0.0311045,0.0
1618,2159.97,0.0813079,0.0
1619,2160.94,0.00841679,0.0
1620,2161.9,0.103514,0.0
1621,2162.87,0.0512249,0.0
1622,2163.83,0.11177,0.0
1623,2164.8,0.0470194,0.0
1624,2165.76,0.0739997,0.0
1625,2166.72,0.127636,0.0
1626,2167.69,0.0911356,0.0
1627,2168.65,0.134675,0.0
1628,2169.62,0.101351,0.0
1629,2170.58,0.125608,0.0
1630,2171.55,0.119215,0.0
1631,2172.51,0.137408,0.0
1632,2173.47,0.134654,0.0
1633,2174.44,0.129048,0.0
1634,2175.4,0.109076,0.0
1635,2176.37,0.0919762,0.0
1636,2177.33,0.113423,0.0
1637,2178.3,0.0978097,0.0
1638,2179.26,0.105645,0.0
1639,2180.22,0.125782,0.0
1640,2181.19,0.116842,0.0
1641,2182.15,0.125367,0.0
1642,2183.12,0.0976064,0.0
1643,2184.08,0.135398,0.0
1644,2185.05,0.10999,0.0
1645,2186.01,0.106768,0.0
1646,2186.97,0.13097,0.0
1647,2187.94,0.0991474,0.0
1648,2188.9,0.123562,0.0
1649,2189.87,0.107735,0.0
1650,2190.83,0.151422,0.0
1651,2191.8,0.134117,0.0
1652,2192.76,0.131591,0.0
1653,2193.72,0.139859,0.0
1654,2194.69,0.116807,0.0
1655,2195.65,0.151036,0.0
1656,2196.62,0.132396,0.0
1657,2197.58,0.146169,0.0
1658,2198.55,0.142766,0.0
1659,2199.51,0.150246,0.0
1660,2200.47,0.168309,0.0
1661,2201.44,0.145061,0.0
1662,2202.4,0.173034,0.0
1663,2203.37,0.167071,0.0
1664,2204.33,0.170595,0.0
1665,2205.3,0.156831,0.0
1666,2206.26,0.157739,0.0
1667,2207.22,0.181812,0.0
1668,2208.19,0.167647,0.0
1669,2209.15,0.195988,0.0
1670,2210.12,0.188205,0.0
1671,2211.08,0.206543,0.0
1672,2212.04,0.194037,0.0
1673,2213.01,0.1808,0.0
1674,2213.97,0.211662,0.0
1675,2214.94,0.208518,0.0
1676,2215.9,0.231188,0.0
1677,2216.87,0.220755,0.0
1678,2217.83,0.230837,0.0
1679,2218.79,0.247932,0.0
1680,2219.76,0.235765,0.0
1681,2220.72,0.25507,0.0
1682,2221.69,0.234092,0.0
1683,2222.65,0.257279,0.0
1684,2223.62,0.240077,0.0
1685,2224.58,0.252328,0.0
1686,2225.54,0.263894,0.0
1687,2226.51,0.244884,0.0
1688,2227.47,0.250923,0.0
1689,2228.44,0.238996,0.0
1690,2229.4,0.275158,0.0
1691,2230.37,0.259818,0.0
1692,2231.33,0.274503,0.0
1693,2232.29,0.300395,0.0
1694,2233.26,0.275104,0.0
1695,2234.22,0.290625,0.0
1696,2235.19,0.274643,0.0
1697,2236.15,0.304652,0.0
1698,2237.12,0.282939,0.0
1699,2238.08,0.301162,0.0
1700,2239.04,0.317143,0.0
1701,2240.01,0.301942,0.0
1702,2240.97,0.317914,0.0
1703,2241.94,0.300515,0.0
1704,2242.9,0.328514,0.0
1705,2243.86,0.311307,0.0
1706,2244.83,0.315285,0.0
1707,2245.79,0.332467,0.0
1708,2246.76,0.309897,0.0
1709,2247.72,0.345243,0.0
1710,2248.69,0.336183,0.0
1711,2249.65,0.362699,0.0
1712,2250.61,0.351612,0.0
1713,2251.58,0.351291,0.0
1714,2252.54,0.35932,0.0
1715,2253.51,0.351516,0.0
1716,2254.47,0.374763,0.0
1717,2255.44,0.363106,0.0
1718,2256.4,0.395606,0.0
1719,2257.36,0.394919,0.0
1720,2258.33,0.380116,0.0
1721,2259.29,0.412633,0.0
1722,2260.26,0.394175,0.0
1723,2261.22,0.429181,0.0
1724,2262.19,0.41199,0.0
1725,2263.15,0.431676,0.0
1726,2264.11,0.420692,0.0
1727,2265.08,0.411903,0.0
1728,2266.04,0.42452,0.0
1729,2267.01,0.405363,0.0
1730,2267.97,0.430718,0.0
1731,2268.94,0.41303,0.0
1732,2269.9,0.451025,0.0
1733,2270.86,0.46472,0.0
1734,2271.83,0.448882,0.0
1735,2272.79,0.467882,0.0
1736,2273.76,0.435374,0.0
1737,2274.72,0.48284,0.0
1738,2275.69,0.452987,0.0
1739,2276.65,0.494149,0.0
1740,2277.61,0.494235,0.0
1741,2278.58,0.475403,0.0
1742,2279.54,0.516626,0.0
1743,2280.51,0.486889,0.0
1744,2281.47,0.527119,0.0
1745,2282.44,0.496055,0.0
1746,2283.4,0.542111,0.0
1747,2284.36,0.565211,0.0
1748,2285.33,0.528958,0.0
1749,2286.29,0.59765,0.0
1750,2287.26,0.560811,0.0
1751,2288.22,0.617184,0.0
1752,2289.19,0.581951,0.0
1753,2290.15,0.632284,0.0
1754,2291.11,0.620862,0.0
1755,2292.08,0.602481,0.0
1756,2293.04,0.649762,0.0
1757,2294.01,0.651418,0.0
1758,2294.97,0.703882,0.0
1759,2295.94,0.724589,0.0
1760,2296.9,0.800542,0.0
1761,2297.86,0.869874,0.0
1762,2298.83,0.891966,0.0
1763,2299.79,0.929109,0.0
1764,2300.76,0.875294,0.0
1765,2301.72,0.863036,0.0
1766,2302.69,0.788269,0.0
1767,2303.65,0.791811,0.0
1768,2304.61,0.75679,0.0
1769,2305.58,0.726582,0.0
1770,2306.54,0.69972,0.0
1771,2307.51,0.696317,0.0
1772,2308.47,0.687406,0.0
1773,2309.44,0.699855,0.0
1774,2310.4,0.664355,0.0
1775,2311.36,0.744379,0.0
1776,2312.33,0.683335,0.0
1777,2313.29,0.753625,0.0
1778,2314.26,0.698227,0.0
1779,2315.22,0.773701,0.0
1780,2316.19,0.718231,0.0
1781,2317.15,0.755921,0.0
1782,2318.11,0.75387,0.0
1783,2319.08,0.739683,0.0
1784,2320.04,0.783556,0.0
1785,2321.01,0.756885,0.0
1786,2321.97,0.82891,0.0
1787,2322.94,0.781841,0.0
1788,2323.9,0.879883,0.0
1789,2324.86,0.962283,0.0
1790,2325.83,0.978538,0.0
1791,2326.79,1.00232,0.0
1792,2327.76,1.03673,0.0
1793,2328.72,1.06399,0.0
1794,2329.69,1.12406,0.0
1795,2330.65,1.16339,0.0
1796,2331.61,1.23026,0.0
1797,2332.58,1.28174,0.0
1798,2333.54,1.37084,0.0
1799,2334.51,1.44445,0.0
1800,2335.47,1.5571,0.0
1801,2336.44,1.66594,0.0
1802,2337.4,1.81401,0.0
1803,2338.36,1.92538,0.0
1804,2339.33,2.08433,0.0
1805,2340.29,2.22962,0.0
1806,2341.26,2.40616,0.0
1807,2342.22,2.58333,0.0
1808,2343.19,2.77565,0.0
1809,2344.15,2.96022,0.0
1810,2345.11,3.17961,0.0
1811,2346.08,3.40005,0.0
1812,2347.04,3.66142,0.0
1813,2348.01,3.90647,0.0
1814,2348.97,4.12205,0.0
1815,2349.94,4.3522,0.0
1816,2350.9,4.63486,0.0
1817,2351.86,4.95842,0.0
1818,2352.83,5.30877,0.0
1819,2353.79,5.6501,0.0
1820,2354.76,6.0464,0.0
1821,2355.72,6.45411,0.0
1822,2356.69,6.90193,0.0
1823,2357.65,7.38051,0.0
1824,2358.61,7.96752,0.0
1825,2359.58,8.65216,0.0
1826,2360.54,9.4548,0.0
1827,2361.51,10.4349,0.0
1828,2362.47,11.5843,0.0
1829,2363.44,12.931,0.0
1830,2364.4,14.4131,0.0
1831,2365.36,15.9266,0.0
1832,2366.33,17.3547,0.0
1833,2367.29,18.4717,0.0
1834,2368.26,19.2103,0.0
1835,2369.22,19.4411,0.0
1836,2370.19,19.1959,0.0
1837,2371.15,18.5154,0.0
1838,2372.11,17.5648,0.0
1839,2373.08,16.4834,0.0
1840,2374.04,15.3192,0.0
1841,2375.01,14.1902,0.0
1842,2375.97,13.0882,0.0
1843,2376.93,12.0889,0.0
1844,2377.9,11.1567,0.0
1845,2378.86,10.304,0.0
1846,2379.83,9.57118,0.0
1847,2380.79,8.89693,0.0
1848,2381.76,8.31889,0.0
1849,2382.72,7.7821,0.0
1850,2383.68,7.31488,0.0
1851,2384.65,6.8922,0.0
1852,2385.61,6.5132,0.0
1853,2386.58,6.1798,0.0
1854,2387.54,5.8609,0.0
1855,2388.51,5.59542,0.0
1856,2389.47,5.35583,0.0
1857,2390.43,5.13903,0.0
1858,2391.4,4.95913,0.0
1859,2392.36,4.78384,0.0
1860,2393.33,4.663,0.0
1861,2394.29,4.53285,0.0
1862,2395.26,4.44896,0.0
1863,2396.22,4.34989,0.0
1864,2397.18,4.28076,0.0
1865,2398.15,4.23412,0.0
1866,2399.11,4.18614,0.0
1867,2400.08,4.14783,0.0
1868,2401.04,4.10347,0.0
1869,2402.01,4.08926,0.0
1870,2402.97,4.06186,0.0
1871,2403.93,4.03066,0.0
1872,2404.9,4.02083,0.0
1873,2405.86,3.99148,0.0
1874,2406.83,3.99478,0.0
1875,2407.79,3.97016,0.0
1876,2408.76,3.95889,0.0
1877,2409.72,3.94141,0.0
1878,2410.68,3.93444,0.0
1879,2411.65,3.92314,0.0
1880,2412.61,3.91123,0.0
1881,2413.58,3.89319,0.0
1882,2414.54,3.86125,0.0
1883,2415.51,3.83632,0.0
1884,2416.47,3.80506,0.0
1885,2417.43,3.78017,0.0
1886,2418.4,3.76249,0.0
1887,2419.36,3.71991,0.0
1888,2420.33,3.68664,0.0
1889,2421.29,3.63904,0.0
1890,2422.26,3.60972,0.0
1891,2423.22,3.56065,0.0
1892,2424.18,3.51664,0.0
1893,2425.15,3.47947,0.0
1894,2426.11,3.44499,0.0
1895,2427.08,3.39785,0.0
1896,2428.04,3.33378,0.0
1897,2429.01,3.28168,0.0
1898,2429.97,3.23497,0.0
1899,2430.93,3.18674,0.0
1900,2431.9,3.14553,0.0
1901,2432.86,3.08933,0.0
1902,2433.83,3.04319,0.0
1903,2434.79,2.99256,0.0
1904,2435.76,2.94182,0.0
1905,2436.72,2.88085,0.0
1906,2437.68,2.83221,0.0
1907,2438.65,2.77829,0.0
1908,2439.61,2.71802,0.0
1909,2440.58,2.65679,0.0
1910,2441.54,2.60694,0.0
1911,2442.51,2.54724,0.0
1912,2443.47,2.49563,0.0
1913,2444.43,2.44679,0.0
1914,2445.4,2.39917,0.0
1915,2446.36,2.3455,0.0
1916,2447.33,2.29228,0.0
1917,2448.29,2.2431,0.0
1918,2449.26,2.19065,0.0
1919,2450.22,2.13172,0.0
1920,2451.18,2.08415,0.0
1921,2452.15,2.03264,0.0
1922,2453.11,2.00168,0.0
1923,2454.08,1.95338,0.0
1924,2455.04,1.92066,0.0
1925,2456.01,1.86808,0.0
1926,2456.97,1.82548,0.0
1927,2457.93,1.78785,0.0
1928,2458.9,1.75053,0.0
1929,2459.86,1.7201,0.0
1930,2460.83,1.68861,0.0
1931,2461.79,1.65101,0.0
1932,2462.76,1.61983,0.0
1933,2463.72,1.5857,0.0
1934,2464.68,1.55967,0.0
1935,2465.65,1.5389,0.0
1936,2466.61,1.53293,0.0
1937,2467.58,1.51304,0.0
1938,2468.54,1.49413,0.0
1939,2469.51,1.48184,0.0
1940,2470.47,1.47358,0.0
1941,2471.43,1.45917,0.0
1942,2472.4,1.4513,0.0
1943,2473.36,1.45144,0.0
1944,2474.33,1.45122,0.0
1945,2475.29,1.44356,0.0
1946,2476.26,1.44421,0.0
1947,2477.22,1.4431,0.0
1948,2478.18,1.44355,0.0
1949,2479.15,1.43576,0.0
1950,2480.11,1.43173,0.0
1951,2481.08,1.43321,0.0
1952,2482.04,1.43666,0.0
1953,2483.01,1.43496,0.0
1954,2483.97,1.44316,0.0
1955,2484.93,1.4442,0.0
1956,2485.9,1.44635,0.0
1957,2486.86,1.44469,0.0
1958,2487.83,1.45002,0.0
1959,2488.79,1.45371,0.0
1960,2489.76,1.45356,0.0
1961,2490.72,1.45856,0.0
1962,2491.68,1.47066,0.0
1963,2492.65,1.47324,0.0
1964,2493.61,1.4806,0.0
1965,2494.58,1.48418,0.0
1966,2495.54,1.4929,0.0
1967,2496.51,1.48874,0.0
1968,2497.47,1.48557,0.0
1969,2498.43,1.49139,0.0
1970,2499.4,1.49758,0.0
1971,2500.36,1.50949,0.0
1972,2501.33,1.51601,0.0
1973,2502.29,1.50938,0.0
1974,2503.26,1.50823,0.0
1975,2504.22,1.50787,0.0
1976,2505.18,1.51572,0.0
1977,2506.15,1.51366,0.0
1978,2507.11,1.52486,0.0
1979,2508.08,1.52994,0.0
1980,2509.04,1.53624,0.0
1981,2510.01,1.53155,0.0
1982,2510.97,1.53355,0.0
1983,2511.93,1.54234,0.0
1984,2512.9,1.53903,0.0
1985,2513.86,1.53003,0.0
1986,2514.83,1.53458,0.0
1987,2515.79,1.54056,0.0
1988,2516.76,1.54084,0.0
1989,2517.72,1.54186,0.0
1990,2518.68,1.5558,0.0
1991,2519.65,1.55859,0.0
1992,2520.61,1.55998,0.0
1993,2521.58,1.5543,0.0
1994,2522.54,1.55425,0.0
1995,2523.51,1.55385,0.0
1996,2524.47,1.55982,0.0
1997,2525.43,1.56925,0.0
1998,2526.4,1.57137,0.0
1999,2527.36,1.57443,0.0
2000,2528.33,1.57825,0.0
2001,2529.29,1.59126,0.0
2002,2530.26,1.59298,0.0
2003,2531.22,1.59133,0.0
2004,2532.18,1.60882,0.0
2005,2533.15,1.60783,0.0
2006,2534.11,1.61509,0.0
2007,2535.08,1.61438,0.0
2008,2536.04,1.62277,0.0
2009,2537.01,1.61438,0.0
2010,2537.97,1.6116,0.0
2011,2538.93,1.62182,0.0
2012,2539.9,1.62689,0.0
2013,2540.86,1.63718,0.0
2014,2541.83,1.63556,0.0
2015,2542.79,1.64708,0.0
2016,2543.76,1.64838,0.0
2017,2544.72,1.65186,0.0
2018,2545.68,1.65624,0.0
2019,2546.65,1.64953,0.0
2020,2547.61,1.66195,0.0
2021,2548.58,1.66376,0.0
2022,2549.54,1.66884,0.0
2023,2550.51,1.65882,0.0
2024,2551.47,1.66705,0.0
2025,2552.43,1.67557,0.0
2026,2553.4,1.67339,0.0
2027,2554.36,1.68587,0.0
2028,2555.33,1.68352,0.0
2029,2556.29,1.68869,0.0
2030,2557.26,1.69186,0.0
2031,2558.22,1.69461,0.0
2032,2559.18,1.70578,0.0
2033,2560.15,1.70115,0.0
2034,2561.11,1.71312,0.0
2035,2562.08,1.70731,0.0
2036,2563.04,1.7082,0.0
2037,2564.01,1.70626,0.0
2038,2564.97,1.72069,0.0
2039,2565.93,1.72485,0.0
2040,2566.9,1.71493,0.0
2041,2567.86,1.73206,0.0
2042,2568.83,1.73106,0.0
2043,2569.79,1.73902,0.0
2044,2570.75,1.74423,0.0
2045,2571.72,1.73266,0.0
2046,2572.68,1.74316,0.0
2047,2573.65,1.74183,0.0
2048,2574.61,1.7667,0.0
2049,2575.58,1.76089,0.0
2050,2576.54,1.76831,0.0
2051,2577.5,1.76311,0.0
2052,2578.47,1.75534,0.0
2053,2579.43,1.77614,0.0
2054,2580.4,1.77224,0.0
2055,2581.36,1.78764,0.0
2056,2582.33,1.78394,0.0
2057,2583.29,1.79429,0.0
2058,2584.25,1.80794,0.0
2059,2585.22,1.79816,0.0
2060,2586.18,1.80806,0.0
2061,2587.15,1.79799,0.0
2062,2588.11,1.81233,0.0
2063,2589.08,1.80069,0.0
2064,2590.04,1.81672,0.0
2065,2591.0,1.83524,0.0
2066,2591.97,1.8283,0.0
2067,2592.93,1.83795,0.0
2068,2593.9,1.8283,0.0
2069,2594.86,1.84904,0.0
2070,2595.83,1.84173,0.0
2071,2596.79,1.85119,0.0
2072,2597.75,1.86656,0.0
2073,2598.72,1.85601,0.0
2074,2599.68,1.87394,0.0
2075,2600.65,1.86308,0.0
2076,2601.61,1.88226,0.0
2077,2602.57,1.88462,0.0
2078,2603.54,1.88166,0.0
2079,2604.5,1.8943,0.0
2080,2605.47,1.8835,0.0
2081,2606.43,1.90251,0.0
2082,2607.4,1.89068,0.0
2083,2608.36,1.91533,0.0
2084,2609.32,1.91947,0.0
2085,2610.29,1.91311,0.0
2086,2611.25,1.92382,0.0
2087,2612.22,1.90997,0.0
2088,2613.18,1.93399,0.0
2089,2614.15,1.91669,0.0
2090,2615.11,1.93986,0.0
2091,2616.07,1.95155,0.0
2092,2617.04,1.95212,0.0
2093,2618.0,1.96691,0.0
2094,2618.97,1.95148,0.0
2095,2619.93,1.96853,0.0
2096,2620.9,1.9536,0.0
2097,2621.86,1.97681,0.0
2098,2622.82,1.98607,0.0
2099,2623.79,1.98177,0.0
2100,2624.75,1.99317,0.0
2101,2625.72,1.97916,0.0
2102,2626.68,2.00943,0.0
2103,2627.65,1.99321,0.0
2104,2628.61,2.0219,0.0
2105,2629.57,2.02717,0.0
2106,2630.54,2.02006,0.0
2107,2631.5,2.03394,0.0
2108,2632.47,2.01645,0.0
2109,2633.43,2.03923,0.0
2110,2634.4,2.02356,0.0
2111,2635.36,2.05056,0.0
2112,2636.32,2.05373,0.0
2113,2637.29,2.03478,0.0
2114,2638.25,2.0648,0.0
2115,2639.22,2.05399,0.0
2116,2640.18,2.09171,0.0
2117,2641.15,2.0708,0.0
2118,2642.11,2.09065,0.0
2119,2643.07,2.0993,0.0
2120,2644.04,2.08458,0.0
2121,2645.0,2.10899,0.0
2122,2645.97,2.09542,0.0
2123,2646.93,2.12474,0.0
2124,2647.9,2.10601,0.0
2125,2648.86,2.12736,0.0
2126,2649.82,2.13103,0.0
2127,2650.79,2.11759,0.0
2128,2651.75,2.14571,0.0
2129,2652.72,2.12802,0.0
2130,2653.68,2.15561,0.0
2131,2654.65,2.14316,0.0
2132,2655.61,2.16571,0.0
2133,2656.57,2.17088,0.0
2134,2657.54,2.15706,0.0
2135,2658.5,2.16964,0.0
2136,2659.47,2.16137,0.0
2137,2660.43,2.18479,0.0
2138,2661.4,2.18071,0.0
2139,2662.36,2.19593,0.0
2140,2663.32,2.19285,0.0
2141,2664.29,2.19061,0.0
2142,2665.25,2.20768,0.0
2143,2666.22,2.20553,0.0
2144,2667.18,2.20783,0.0
2145,2668.15,2.20708,0.0
2146,2669.11,2.21327,0.0
2147,2670.07,2.21762,0.0
2148,2671.04,2.21891,0.0
2149,2672.0,2.22282,0.0
2150,2672.97,2.22379,0.0
2151,2673.93,2.22903,0.0
2152,2674.9,2.23297,0.0
2153,2675.86,2.23072,0.0
2154,2676.82,2.22476,0.0
2155,2677.79,2.22842,0.0
2156,2678.75,2.23519,0.0
2157,2679.72,2.23403,0.0
2158,2680.68,2.24989,0.0
2159,2681.65,2.25525,0.0
2160,2682.61,2.25908,0.0
2161,2683.57,2.26593,0.0
2162,2684.54,2.27195,0.0
2163,2685.5,2.27467,0.0
2164,2686.47,2.27536,0.0
2165,2687.43,2.27332,0.0
2166,2688.4,2.27139,0.0
2167,2689.36,2.27543,0.0
2168,2690.32,2.28445,0.0
2169,2691.29,2.28943,0.0
2170,2692.25,2.29033,0.0
2171,2693.22,2.28913,0.0
2172,2694.18,2.29503,0.0
2173,2695.15,2.29761,0.0
2174,2696.11,2.2993,0.0
2175,2697.07,2.30621,0.0
2176,2698.04,2.31138,0.0
2177,2699.0,2.3115,0.0
2178,2699.97,2.31123,0.0
2179,2700.93,2.31421,0.0
2180,2701.9,2.31853,0.0
2181,2702.86,2.32405,0.0
2182,2703.82,2.32744,0.0
2183,2704.79,2.32806,0.0
2184,2705.75,2.33125,0.0
2185,2706.72,2.33377,0.0
2186,2707.68,2.33778,0.0
2187,2708.65,2.34126,0.0
2188,2709.61,2.34712,0.0
2189,2710.57,2.35092,0.0
2190,2711.54,2.3539,0.0
2191,2712.5,2.35843,0.0
2192,2713.47,2.36185,0.0
2193,2714.43,2.36594,0.0
2194,2715.4,2.3685,0.0
2195,2716.36,2.36992,0.0
2196,2717.32,2.37402,0.0
2197,2718.29,2.37766,0.0
2198,2719.25,2.3826,0.0
2199,2720.22,2.38201,0.0
2200,2721.18,2.37937,0.0
2201,2722.15,2.37937,0.0
2202,2723.11,2.38683,0.0
2203,2724.07,2.39514,0.0
2204,2725.04,2.39409,0.0
2205,2726.0,2.39088,0.0
2206,2726.97,2.39719,0.0
2207,2727.93,2.41334,0.0
2208,2728.9,2.41588,0.0
2209,2729.86,2.41553,0.0
2210,2730.82,2.42464,0.0
2211,2731.79,2.427,0.0
2212,2732.75,2.42953,0.0
2213,2733.72,2.43181,0.0
2214,2734.68,2.43747,0.0
2215,2735.64,2.44215,0.0
2216,2736.61,2.44322,0.0
2217,2737.57,2.44092,0.0
2218,2738.54,2.44161,0.0
2219,2739.5,2.44833,0.0
2220,2740.47,2.45194,0.0
2221,2741.43,2.45802,0.0
2222,2742.39,2.46282,0.0
2223,2743.36,2.46652,0.0
2224,2744.32,2.46725,0.0
2225,2745.29,2.46825,0.0
2226,2746.25,2.46566,0.0
2227,2747.22,2.46585,0.0
2228,2748.18,2.47068,0.0
2229,2749.14,2.47616,0.0
2230,2750.11,2.47827,0.0
2231,2751.07,2.48053,0.0
2232,2752.04,2.48334,0.0
2233,2753.0,2.48591,0.0
2234,2753.97,2.48743,0.0
2235,2754.93,2.49109,0.0
2236,2755.89,2.49615,0.0
2237,2756.86,2.49987,0.0
2238,2757.82,2.50033,0.0
2239,2758.79,2.50085,0.0
2240,2759.75,2.50369,0.0
2241,2760.72,2.50652,0.0
2242,2761.68,2.51262,0.0
2243,2762.64,2.51895,0.0
2244,2763.61,2.52013,0.0
2245,2764.57,2.52076,0.0
2246,2765.54,2.52261,0.0
2247,2766.5,2.53109,0.0
2248,2767.47,2.53557,0.0
2249,2768.43,2.53839,0.0
2250,2769.39,2.54459,0.0
2251,2770.36,2.54803,0.0
2252,2771.32,2.55005,0.0
2253,2772.29,2.5499,0.0
2254,2773.25,2.54825,0.0
2255,2774.22,2.55053,0.0
2256,2775.18,2.55357,0.0
2257,2776.14,2.56314,0.0
2258,2777.11,2.56931,0.0
2259,2778.07,2.56938,0.0
2260,2779.04,2.5723,0.0
2261,2780.0,2.57003,0.0
2262,2780.97,2.57114,0.0
2263,2781.93,2.57413,0.0
2264,2782.89,2.57714,0.0
2265,2783.86,2.58049,0.0
2266,2784.82,2.58017,0.0
2267,2785.79,2.57676,0.0
2268,2786.75,2.56754,0.0
2269,2787.72,2.5679,0.0
2270,2788.68,2.56795,0.0
2271,2789.64,2.55583,0.0
2272,2790.61,2.554,0.0
2273,2791.57,2.54694,0.0
2274,2792.54,2.54863,0.0
2275,2793.5,2.54617,0.0
2276,2794.47,2.54963,0.0
2277,2795.43,2.54849,0.0
2278,2796.39,2.54962,0.0
2279,2797.36,2.55018,0.0
2280,2798.32,2.54723,0.0
2281,2799.29,2.55258,0.0
2282,2800.25,2.55023,0.0
2283,2801.22,2.5511,0.0
2284,2802.18,2.56206,0.0
2285,2803.14,2.56812,0.0
2286,2804.11,2.57068,0.0
2287,2805.07,2.56992,0.0
2288,2806.04,2.57219,0.0
2289,2807.0,2.58849,0.0
2290,2807.97,2.59427,0.0
2291,2808.93,2.59982,0.0
2292,2809.89,2.60621,0.0
2293,2810.86,2.61127,0.0
2294,2811.82,2.62359,0.0
2295,2812.79,2.63149,0.0
2296,2813.75,2.64305,0.0
2297,2814.72,2.64801,0.0
2298,2815.68,2.65084,0.0
2299,2816.64,2.65379,0.0
2300,2817.61,2.65789,0.0
2301,2818.57,2.67053,0.0
2302,2819.54,2.67827,0.0
2303,2820.5,2.69213,0.0
2304,2821.47,2.69952,0.0
2305,2822.43,2.70996,0.0
2306,2823.39,2.72225,0.0
2307,2824.36,2.72702,0.0
2308,2825.32,2.73904,0.0
2309,2826.29,2.74384,0.0
2310,2827.25,2.74854,0.0
2311,2828.22,2.75564,0.0
2312,2829.18,2.77301,0.0
2313,2830.14,2.78201,0.0
2314,2831.11,2.78278,0.0
2315,2832.07,2.78551,0.0
2316,2833.04,2.79288,0.0
2317,2834.0,2.80742,0.0
2318,2834.97,2.81312,0.0
2319,2835.93,2.81645,0.0
2320,2836.89,2.81702,0.0
2321,2837.86,2.81539,0.0
2322,2838.82,2.81708,0.0
2323,2839.79,2.82525,0.0
2324,2840.75,2.8393,0.0
2325,2841.72,2.84822,0.0
2326,2842.68,2.85325,0.0
2327,2843.64,2.85229,0.0
2328,2844.61,2.85546,0.0
2329,2845.57,2.8586,0.0
2330,2846.54,2.8676,0.0
2331,2847.5,2.87879,0.0
2332,2848.47,2.88863,0.0
2333,2849.43,2.89417,0.0
2334,2850.39,2.90424,0.0
2335,2851.36,2.90907,0.0
2336,2852.32,2.91493,0.0
2337,2853.29,2.91709,0.0
2338,2854.25,2.92616,0.0
2339,2855.22,2.92796,0.0
2340,2856.18,2.93247,0.0
2341,2857.14,2.93779,0.0
2342,2858.11,2.94553,0.0
2343,2859.07,2.94189,0.0
2344,2860.04,2.9394,0.0
2345,2861.0,2.94929,0.0
2346,2861.97,2.95505,0.0
2347,2862.93,2.95816,0.0
2348,2863.89,2.95738,0.0
2349,2864.86,2.96042,0.0
2350,2865.82,2.96919,0.0
2351,2866.79,2.97565,0.0
2352,2867.75,2.99004,0.0
2353,2868.72,2.99258,0.0
2354,2869.68,2.99046,0.0
2355,2870.64,2.99033,0.0
2356,2871.61,2.9939,0.0
2357,2872.57,2.99185,0.0
2358,2873.54,2.9936,0.0
2359,2874.5,3.01186,0.0
2360,2875.47,3.02405,0.0
2361,2876.43,3.03023,0.0
2362,2877.39,3.03005,0.0
2363,2878.36,3.03263,0.0
2364,2879.32,3.0351,0.0
2365,2880.29,3.04147,0.0
2366,2881.25,3.04793,0.0
2367,2882.22,3.05029,0.0
2368,2883.18,3.05271,0.0
2369,2884.14,3.05693,0.0
2370,2885.11,3.06185,0.0
2371,2886.07,3.06998,0.0
2372,2887.04,3.07848,0.0
2373,2888.0,3.08698,0.0
2374,2888.97,3.08766,0.0
2375,2889.93,3.08179,0.0
2376,2890.89,3.08867,0.0
2377,2891.86,3.09591,0.0
2378,2892.82,3.09754,0.0
2379,2893.79,3.10211,0.0
2380,2894.75,3.1108,0.0
2381,2895.72,3.11079,0.0
2382,2896.68,3.11796,0.0
2383,2897.64,3.12525,0.0
2384,2898.61,3.12523,0.0
2385,2899.57,3.13173,0.0
2386,2900.54,3.13929,0.0
2387,2901.5,3.14154,0.0
2388,2902.47,3.14354,0.0
2389,2903.43,3.14711,0.0
2390,2904.39,3.1565,0.0
2391,2905.36,3.16552,0.0
2392,2906.32,3.16583,0.0
2393,2907.29,3.16985,0.0
2394,2908.25,3.17485,0.0
2395,2909.22,3.17606,0.0
2396,2910.18,3.17442,0.0
2397,2911.14,3.18187,0.0
2398,2912.11,3.18859,0.0
2399,2913.07,3.17963,0.0
2400,2914.04,3.18082,0.0
2401,2915.0,3.18942,0.0
2402,2915.97,3.19938,0.0
2403,2916.93,3.20659,0.0
2404,2917.89,3.21196,0.0
2405,2918.86,3.21351,0.0
2406,2919.82,3.21607,0.0
2407,2920.79,3.22253,0.0
2408,2921.75,3.23636,0.0
2409,2922.72,3.24212,0.0
2410,2923.68,3.24349,0.0
2411,2924.64,3.24892,0.0
2412,2925.61,3.25306,0.0
2413,2926.57,3.26017,0.0
2414,2927.54,3.26135,0.0
2415,2928.5,3.25667,0.0
2416,2929.46,3.25357,0.0
2417,2930.43,3.25854,0.0
2418,2931.39,3.27253,0.0
2419,2932.36,3.27847,0.0
2420,2933.32,3.28098,0.0
2421,2934.29,3.28354,0.0
2422,2935.25,3.28332,0.0
2423,2936.21,3.27862,0.0
2424,2937.18,3.28005,0.0
2425,2938.14,3.29237,0.0
2426,2939.11,3.29488,0.0
2427,2940.07,3.29767,0.0
2428,2941.04,3.30022,0.0
2429,2942.0,3.29634,0.0
2430,2942.96,3.29234,0.0
2431,2943.93,3.28563,0.0
2432,2944.89,3.29087,0.0
2433,2945.86,3.30014,0.0
2434,2946.82,3.30045,0.0
2435,2947.79,3.31109,0.0
2436,2948.75,3.32766,0.0
2437,2949.71,3.33326,0.0
2438,2950.68,3.33762,0.0
2439,2951.64,3.3389,0.0
2440,2952.61,3.32971,0.0
2441,2953.57,3.33291,0.0
2442,2954.54,3.34637,0.0
2443,2955.5,3.35345,0.0
2444,2956.46,3.35449,0.0
2445,2957.43,3.35405,0.0
2446,2958.39,3.35409,0.0
2447,2959.36,3.36162,0.0
2448,2960.32,3.36433,0.0
2449,2961.28,3.36319,0.0
2450,2962.25,3.3617,0.0
2451,2963.21,3.36616,0.0
2452,2964.18,3.37361,0.0
2453,2965.14,3.37591,0.0
2454,2966.11,3.3837,0.0
2455,2967.07,3.38784,0.0
2456,2968.03,3.39114,0.0
2457,2969.0,3.40179,0.0
2458,2969.96,3.41141,0.0
2459,2970.93,3.41003,0.0
2460,2971.89,3.4047,0.0
2461,2972.86,3.41064,0.0
2462,2973.82,3.41565,0.0
2463,2974.78,3.40932,0.0
2464,2975.75,3.41574,0.0
2465,2976.71,3.42219,0.0
2466,2977.68,3.42407,0.0
2467,2978.64,3.41805,0.0
2468,2979.61,3.4161,0.0
2469,2980.57,3.41333,0.0
2470,2981.53,3.41145,0.0
2471,2982.5,3.41634,0.0
2472,2983.46,3.42208,0.0
2473,2984.43,3.43077,0.0
2474,2985.39,3.44683,0.0
2475,2986.36,3.44632,0.0
2476,2987.32,3.44709,0.0
2477,2988.28,3.45556,0.0
2478,2989.25,3.45657,0.0
2479,2990.21,3.45973,0.0
2480,2991.18,3.45569,0.0
2481,2992.14,3.43994,0.0
2482,2993.11,3.44206,0.0
2483,2994.07,3.45865,0.0
2484,2995.03,3.47501,0.0
2485,2996.0,3.48028,0.0
2486,2996.96,3.47487,0.0
2487,2997.93,3.47616,0.0
2488,2998.89,3.49857,0.0
2489,2999.86,3.50481,0.0
2490,3000.82,3.49715,0.0
2491,3001.78,3.5016,0.0
2492,3002.75,3.50182,0.0
2493,3003.71,3.50633,0.0
2494,3004.68,3.51993,0.0
2495,3005.64,3.53768,0.0
2496,3006.61,3.53913,0.0
2497,3007.57,3.53344,0.0
2498,3008.53,3.53488,0.0
2499,3009.5,3.53134,0.0
2500,3010.46,3.52717,0.0
2501,3011.43,3.52277,0.0
2502,3012.39,3.5449,0.0
2503,3013.36,3.5554,0.0
2504,3014.32,3.55273,0.0
2505,3015.28,3.56881,0.0
2506,3016.25,3.57882,0.0
2507,3017.21,3.57795,0.0
2508,3018.18,3.58394,0.0
2509,3019.14,3.58353,0.0
2510,3020.11,3.59259,0.0
2511,3021.07,3.61627,0.0
2512,3022.03,3.61996,0.0
2513,3023.0,3.61778,0.0
2514,3023.96,3.61082,0.0
2515,3024.93,3.61562,0.0
2516,3025.89,3.64324,0.0
2517,3026.86,3.65319,0.0
2518,3027.82,3.65484,0.0
2519,3028.78,3.64711,0.0
2520,3029.75,3.63866,0.0
2521,3030.71,3.63407,0.0
2522,3031.68,3.64455,0.0
2523,3032.64,3.65776,0.0
2524,3033.61,3.66043,0.0
2525,3034.57,3.66624,0.0
2526,3035.53,3.67277,0.0
2527,3036.5,3.68557,0.0
2528,3037.46,3.69994,0.0
2529,3038.43,3.70139,0.0
2530,3039.39,3.68972,0.0
2531,3040.36,3.68626,0.0
2532,3041.32,3.68967,0.0
2533,3042.28,3.68256,0.0
2534,3043.25,3.68986,0.0
2535,3044.21,3.71673,0.0
2536,3045.18,3.71605,0.0
2537,3046.14,3.71916,0.0
2538,3047.11,3.73286,0.0
2539,3048.07,3.73909,0.0
2540,3049.03,3.75101,0.0
2541,3050.0,3.75153,0.0
2542,3050.96,3.74695,0.0
2543,3051.93,3.75482,0.0
2544,3052.89,3.76147,0.0
2545,3053.86,3.76165,0.0
2546,3054.82,3.75946,0.0
2547,3055.78,3.76536,0.0
2548,3056.75,3.77324,0.0
2549,3057.71,3.77816,0.0
2550,3058.68,3.7821,0.0
2551,3059.64,3.78696,0.0
2552,3060.61,3.79001,0.0
2553,3061.57,3.78987,0.0
2554,3062.53,3.79299,0.0
2555,3063.5,3.79148,0.0
2556,3064.46,3.80396,0.0
2557,3065.43,3.80523,0.0
2558,3066.39,3.79143,0.0
2559,3067.36,3.79288,0.0
2560,3068.32,3.79718,0.0
2561,3069.28,3.8144,0.0
2562,3070.25,3.82403,0.0
2563,3071.21,3.82727,0.0
2564,3072.18,3.83087,0.0
2565,3073.14,3.83239,0.0
2566,3074.11,3.83482,0.0
2567,3075.07,3.83154,0.0
2568,3076.03,3.82005,0.0
2569,3077.0,3.81842,0.0
2570,3077.96,3.81854,0.0
2571,3078.93,3.82228,0.0
2572,3079.89,3.83291,0.0
2573,3080.86,3.83748,0.0
2574,3081.82,3.85184,0.0
2575,3082.78,3.86151,0.0
2576,3083.75,3.86152,0.0
2577,3084.71,3.86566,0.0
2578,3085.68,3.87578,0.0
2579,3086.64,3.88449,0.0
2580,3087.61,3.88647,0.0
2581,3088.57,3.88736,0.0
2582,3089.53,3.8863,0.0
2583,3090.5,3.88676,0.0
2584,3091.46,3.90045,0.0
2585,3092.43,3.90813,0.0
2586,3093.39,3.91597,0.0
2587,3094.36,3.92135,0.0
2588,3095.32,3.92178,0.0
2589,3096.28,3.93071,0.0
2590,3097.25,3.93749,0.0
2591,3098.21,3.93708,0.0
2592,3099.18,3.93406,0.0
2593,3100.14,3.93583,0.0
2594,3101.11,3.9485,0.0
2595,3102.07,3.96104,0.0
2596,3103.03,3.97707,0.0
2597,3104.0,3.98612,0.0
2598,3104.96,4.00656,0.0
2599,3105.93,4.04881,0.0
2600,3106.89,4.07985,0.0
2601,3107.86,4.06764,0.0
2602,3108.82,4.03466,0.0
2603,3109.78,4.03509,0.0
2604,3110.75,4.03323,0.0
2605,3111.71,4.02298,0.0
2606,3112.68,4.02351,0.0
2607,3113.64,4.02085,0.0
2608,3114.61,4.00458,0.0
2609,3115.57,3.99016,0.0
2610,3116.53,3.98194,0.0
2611,3117.5,3.97941,0.0
2612,3118.46,3.99539,0.0
2613,3119.43,3.99619,0.0
2614,3120.39,3.97978,0.0
2615,3121.36,3.98562,0.0
2616,3122.32,4.00838,0.0
2617,3123.28,4.02361,0.0
2618,3124.25,4.01821,0.0
2619,3125.21,4.01286,0.0
2620,3126.18,4.02121,0.0
2621,3127.14,4.02909,0.0
2622,3128.11,4.03092,0.0
2623,3129.07,4.02552,0.0
2624,3130.03,4.02786,0.0
2625,3131.0,4.03538,0.0
2626,3131.96,4.03392,0.0
2627,3132.93,4.0389,0.0
2628,3133.89,4.05239,0.0
2629,3134.86,4.05744,0.0
2630,3135.82,4.06546,0.0
2631,3136.78,4.05923,0.0
2632,3137.75,4.05382,0.0
2633,3138.71,4.04784,0.0
2634,3139.68,4.04705,0.0
2635,3140.64,4.05985,0.0
2636,3141.61,4.0733,0.0
2637,3142.57,4.07699,0.0
2638,3143.53,4.08059,0.0
2639,3144.5,4.08558,0.0
2640,3145.46,4.08587,0.0
2641,3146.43,4.0849,0.0
2642,3147.39,4.08472,0.0
2643,3148.35,4.08671,0.0
2644,3149.32,4.09265,0.0
2645,3150.28,4.08724,0.0
2646,3151.25,4.07526,0.0
2647,3152.21,4.05845,0.0
2648,3153.18,4.07069,0.0
2649,3154.14,4.09243,0.0
2650,3155.1,4.10103,0.0
2651,3156.07,4.10503,0.0
2652,3157.03,4.11582,0.0
2653,3158.0,4.12136,0.0
2654,3158.96,4.11005,0.0
2655,3159.93,4.10772,0.0
2656,3160.89,4.1082,0.0
2657,3161.85,4.11014,0.0
2658,3162.82,4.11923,0.0
2659,3163.78,4.12704,0.0
2660,3164.75,4.13122,0.0
2661,3165.71,4.13178,0.0
2662,3166.68,4.13286,0.0
2663,3167.64,4.13531,0.0
2664,3168.6,4.13068,0.0
2665,3169.57,4.12562,0.0
2666,3170.53,4.12246,0.0
2667,3171.5,4.13063,0.0
2668,3172.46,4.14701,0.0
2669,3173.43,4.1504,0.0
2670,3174.39,4.14634,0.0
2671,3175.35,4.15218,0.0
2672,3176.32,4.15024,0.0
2673,3177.28,4.13864,0.0
2674,3178.25,4.14982,0.0
2675,3179.21,4.16247,0.0
2676,3180.18,4.16136,0.0
2677,3181.14,4.15952,0.0
2678,3182.1,4.16535,0.0
2679,3183.07,4.16509,0.0
2680,3184.03,4.16269,0.0
2681,3185.0,4.16769,0.0
2682,3185.96,4.16872,0.0
2683,3186.93,4.16855,0.0
2684,3187.89,4.17194,0.0
2685,3188.85,4.18004,0.0
2686,3189.82,4.18395,0.0
2687,3190.78,4.19041,0.0
2688,3191.75,4.19154,0.0
2689,3192.71,4.1811,0.0
2690,3193.68,4.18168,0.0
2691,3194.64,4.18764,0.0
2692,3195.6,4.18924,0.0
2693,3196.57,4.19283,0.0
2694,3197.53,4.19429,0.0
2695,3198.5,4.20073,0.0
2696,3199.46,4.20927,0.0
2697,3200.43,4.21217,0.0
2698,3201.39,4.20894,0.0
2699,3202.35,4.19771,0.0
2700,3203.32,4.19506,0.0
2701,3204.28,4.19388,0.0
2702,3205.25,4.19387,0.0
2703,3206.21,4.19304,0.0
2704,3207.18,4.19327,0.0
2705,3208.14,4.19308,0.0
2706,3209.1,4.19343,0.0
2707,3210.07,4.20108,0.0
2708,3211.03,4.20091,0.0
2709,3212.0,4.19442,0.0
2710,3212.96,4.18958,0.0
2711,3213.93,4.19148,0.0
2712,3214.89,4.1934,0.0
2713,3215.85,4.18895,0.0
2714,3216.82,4.19188,0.0
2715,3217.78,4.18579,0.0
2716,3218.75,4.18329,0.0
2717,3219.71,4.20145,0.0
2718,3220.68,4.20396,0.0
2719,3221.64,4.19673,0.0
2720,3222.6,4.19222,0.0
2721,3223.57,4.19559,0.0
2722,3224.53,4.20491,0.0
2723,3225.5,4.20555,0.0
2724,3226.46,4.19652,0.0
2725,3227.43,4.19835,0.0
2726,3228.39,4.21115,0.0
2727,3229.35,4.22282,0.0
2728,3230.32,4.22194,0.0
2729,3231.28,4.20627,0.0
2730,3232.25,4.19454,0.0
2731,3233.21,4.18004,0.0
2732,3234.18,4.18994,0.0
2733,3235.14,4.21279,0.0
2734,3236.1,4.21899,0.0
2735,3237.07,4.22075,0.0
2736,3238.03,4.23063,0.0
2737,3239.0,4.23046,0.0
2738,3239.96,4.23769,0.0
2739,3240.93,4.23893,0.0
2740,3241.89,4.23263,0.0
2741,3242.85,4.22569,0.0
2742,3243.82,4.22208,0.0
2743,3244.78,4.23681,0.0
2744,3245.75,4.24099,0.0
2745,3246.71,4.23338,0.0
2746,3247.68,4.23587,0.0
2747,3248.64,4.24237,0.0
2748,3249.6,4.24455,0.0
2749,3250.57,4.24429,0.0
2750,3251.53,4.23812,0.0
2751,3252.5,4.23425,0.0
2752,3253.46,4.23693,0.0
2753,3254.43,4.23123,0.0
2754,3255.39,4.22243,0.0
2755,3256.35,4.23042,0.0
2756,3257.32,4.24658,0.0
2757,3258.28,4.25396,0.0
2758,3259.25,4.24437,0.0
2759,3260.21,4.24145,0.0
2760,3261.18,4.24167,0.0
2761,3262.14,4.23586,0.0
2762,3263.1,4.23443,0.0
2763,3264.07,4.22913,0.0
2764,3265.03,4.22861,0.0
2765,3266.0,4.22683,0.0
2766,3266.96,4.22632,0.0
2767,3267.93,4.22616,0.0
2768,3268.89,4.22418,0.0
2769,3269.85,4.22259,0.0
2770,3270.82,4.24845,0.0
2771,3271.78,4.27544,0.0
2772,3272.75,4.25867,0.0
2773,3273.71,4.24362,0.0
2774,3274.68,4.22764,0.0
2775,3275.64,4.21121,0.0
2776,3276.6,4.2284,0.0
2777,3277.57,4.22896,0.0
2778,3278.53,4.22204,0.0
2779,3279.5,4.21886,0.0
2780,3280.46,4.21405,0.0
2781,3281.42,4.20687,0.0
2782,3282.39,4.20706,0.0
2783,3283.35,4.22337,0.0
2784,3284.32,4.21504,0.0
2785,3285.28,4.20746,0.0
2786,3286.25,4.20757,0.0
2787,3287.21,4.19746,0.0
2788,3288.17,4.18311,0.0
2789,3289.14,4.18244,0.0
2790,3290.1,4.1876,0.0
2791,3291.07,4.17526,0.0
2792,3292.03,4.16181,0.0
2793,3293.0,4.16116,0.0
2794,3293.96,4.15964,0.0
2795,3294.92,4.14857,0.0
2796,3295.89,4.1468,0.0
2797,3296.85,4.15291,0.0
2798,3297.82,4.15893,0.0
2799,3298.78,4.16852,0.0
2800,3299.75,4.16294,0.0
2801,3300.71,4.15127,0.0
2802,3301.67,4.14115,0.0
2803,3302.64,4.13367,0.0
2804,3303.6,4.1229,0.0
2805,3304.57,4.10592,0.0
2806,3305.53,4.09036,0.0
2807,3306.5,4.0876,0.0
2808,3307.46,4.09987,0.0
2809,3308.42,4.10799,0.0
2810,3309.39,4.11322,0.0
2811,3310.35,4.12875,0.0
2812,3311.32,4.12898,0.0
2813,3312.28,4.1201,0.0
2814,3313.24,4.11908,0.0
2815,3314.21,4.12031,0.0
2816,3315.17,4.12214,0.0
2817,3316.14,4.11986,0.0
2818,3317.1,4.11655,0.0
2819,3318.07,4.11068,0.0
2820,3319.03,4.11003,0.0
2821,3319.99,4.11192,0.0
2822,3320.96,4.10947,0.0
2823,3321.92,4.10698,0.0
2824,3322.89,4.10272,0.0
2825,3323.85,4.08835,0.0
2826,3324.82,4.07495,0.0
2827,3325.78,4.06479,0.0
2828,3326.74,4.07355,0.0
2829,3327.71,4.08287,0.0
2830,3328.67,4.08802,0.0
2831,3329.64,4.07775,0.0
2832,3330.6,4.06457,0.0
2833,3331.57,4.06577,0.0
2834,3332.53,4.07616,0.0
2835,3333.49,4.06426,0.0
2836,3334.46,4.06032,0.0
2837,3335.42,4.05184,0.0
2838,3336.39,4.04322,0.0
2839,3337.35,4.0398,0.0
2840,3338.32,4.02901,0.0
2841,3339.28,4.03146,0.0
2842,3340.24,4.0394,0.0
2843,3341.21,4.04458,0.0
2844,3342.17,4.03769,0.0
2845,3343.14,4.03291,0.0
2846,3344.1,4.03175,0.0
2847,3345.07,4.02801,0.0
2848,3346.03,4.02985,0.0
2849,3346.99,4.03267,0.0
2850,3347.96,4.03104,0.0
2851,3348.92,4.01398,0.0
2852,3349.89,3.99752,0.0
2853,3350.85,3.9943,0.0
2854,3351.82,4.00201,0.0
2855,3352.78,3.99862,0.0
2856,3353.74,4.0018,0.0
2857,3354.71,4.00496,0.0
2858,3355.67,4.01523,0.0
2859,3356.64,4.0079,0.0
2860,3357.6,3.99046,0.0
2861,3358.57,3.98168,0.0
2862,3359.53,3.97938,0.0
2863,3360.49,3.97728,0.0
2864,3361.46,3.97981,0.0
2865,3362.42,3.98101,0.0
2866,3363.39,3.97106,0.0
2867,3364.35,3.95633,0.0
2868,3365.32,3.95242,0.0
2869,3366.28,3.9444,0.0
2870,3367.24,3.9332,0.0
2871,3368.21,3.9275,0.0
2872,3369.17,3.9164,0.0
2873,3370.14,3.91935,0.0
2874,3371.1,3.93028,0.0
2875,3372.07,3.92782,0.0
2876,3373.03,3.9259,0.0
2877,3373.99,3.92557,0.0
2878,3374.96,3.92283,0.0
2879,3375.92,3.91588,0.0
2880,3376.89,3.9099,0.0
2881,3377.85,3.91133,0.0
2882,3378.82,3.91366,0.0
2883,3379.78,3.89912,0.0
2884,3380.74,3.89175,0.0
2885,3381.71,3.89126,0.0
2886,3382.67,3.8872,0.0
2887,3383.64,3.88851,0.0
2888,3384.6,3.89095,0.0
2889,3385.57,3.8908,0.0
2890,3386.53,3.88586,0.0
2891,3387.49,3.87372,0.0
2892,3388.46,3.87052,0.0
2893,3389.42,3.86068,0.0
2894,3390.39,3.84604,0.0
2895,3391.35,3.81039,0.0
2896,3392.32,3.81159,0.0
2897,3393.28,3.84793,0.0
2898,3394.24,3.84992,0.0
2899,3395.21,3.84235,0.0
2900,3396.17,3.82038,0.0
2901,3397.14,3.82096,0.0
2902,3398.1,3.82699,0.0
2903,3399.07,3.80434,0.0
2904,3400.03,3.77923,0.0
2905,3400.99,3.77949,0.0
2906,3401.96,3.78238,0.0
2907,3402.92,3.78631,0.0
2908,3403.89,3.79299,0.0
2909,3404.85,3.78805,0.0
2910,3405.82,3.78851,0.0
2911,3406.78,3.7859,0.0
2912,3407.74,3.76324,0.0
2913,3408.71,3.75253,0.0
2914,3409.67,3.75445,0.0
2915,3410.64,3.75789,0.0
2916,3411.6,3.74301,0.0
2917,3412.57,3.72999,0.0
2918,3413.53,3.73299,0.0
2919,3414.49,3.73649,0.0
2920,3415.46,3.73597,0.0
2921,3416.42,3.73595,0.0
2922,3417.39,3.73437,0.0
2923,3418.35,3.72993,0.0
2924,3419.32,3.71525,0.0
2925,3420.28,3.70767,0.0
2926,3421.24,3.7169,0.0
2927,3422.21,3.71462,0.0
2928,3423.17,3.71121,0.0
2929,3424.14,3.70232,0.0
2930,3425.1,3.68421,0.0
2931,3426.07,3.67978,0.0
2932,3427.03,3.67402,0.0
2933,3427.99,3.66599,0.0
2934,3428.96,3.66564,0.0
2935,3429.92,3.6461,0.0
2936,3430.89,3.64086,0.0
2937,3431.85,3.63717,0.0
2938,3432.82,3.62723,0.0
2939,3433.78,3.60694,0.0
2940,3434.74,3.5955,0.0
2941,3435.71,3.60213,0.0
2942,3436.67,3.61506,0.0
2943,3437.64,3.61484,0.0
2944,3438.6,3.61533,0.0
2945,3439.57,3.61875,0.0
2946,3440.53,3.61145,0.0
2947,3441.49,3.5895,0.0
2948,3442.46,3.59452,0.0
2949,3443.42,3.60242,0.0
2950,3444.39,3.58713,0.0
2951,3445.35,3.55539,0.0
2952,3446.32,3.53582,0.0
2953,3447.28,3.58268,0.0
2954,3448.24,3.5929,0.0
2955,3449.21,3.56986,0.0
2956,3450.17,3.55916,0.0
2957,3451.14,3.55525,0.0
2958,3452.1,3.54754,0.0
2959,3453.07,3.54624,0.0
2960,3454.03,3.53765,0.0
2961,3454.99,3.51556,0.0
2962,3455.96,3.50657,0.0
2963,3456.92,3.51608,0.0
2964,3457.89,3.51751,0.0
2965,3458.85,3.50007,0.0
2966,3459.82,3.48788,0.0
2967,3460.78,3.48573,0.0
2968,3461.74,3.49044,0.0
2969,3462.71,3.4924,0.0
2970,3463.67,3.4918,0.0
2971,3464.64,3.48621,0.0
2972,3465.6,3.46673,0.0
2973,3466.57,3.45405,0.0
2974,3467.53,3.45384,0.0
2975,3468.49,3.44063,0.0
2976,3469.46,3.43397,0.0
2977,3470.42,3.44142,0.0
2978,3471.39,3.44353,0.0
2979,3472.35,3.44106,0.0
2980,3473.32,3.44043,0.0
2981,3474.28,3.43214,0.0
2982,3475.24,3.43276,0.0
2983,3476.21,3.43118,0.0
2984,3477.17,3.41745,0.0
2985,3478.14,3.41066,0.0
2986,3479.1,3.38832,0.0
2987,3480.07,3.38366,0.0
2988,3481.03,3.38803,0.0
2989,3481.99,3.39551,0.0
2990,3482.96,3.40534,0.0
2991,3483.92,3.37799,0.0
2992,3484.89,3.37481,0.0
2993,3485.85,3.37291,0.0
2994,3486.82,3.36741,0.0
2995,3487.78,3.36798,0.0
2996,3488.74,3.39603,0.0
2997,3489.71,3.38154,0.0
2998,3490.67,3.37364,0.0
2999,3491.64,3.37434,0.0
3000,3492.6,3.36604,0.0
3001,3493.57,3.35062,0.0
3002,3494.53,3.34615,0.0
3003,3495.49,3.34617,0.0
3004,3496.46,3.35093,0.0
3005,3497.42,3.35248,0.0
3006,3498.39,3.3397,0.0
3007,3499.35,3.33037,0.0
3008,3500.32,3.33079,0.0
3009,3501.28,3.31007,0.0
3010,3502.24,3.27014,0.0
3011,3503.21,3.2937,0.0
3012,3504.17,3.34082,0.0
3013,3505.14,3.32978,0.0
3014,3506.1,3.31647,0.0
3015,3507.06,3.29735,0.0
3016,3508.03,3.2743,0.0
3017,3508.99,3.26358,0.0
3018,3509.96,3.30094,0.0
3019,3510.92,3.29723,0.0
3020,3511.89,3.291,0.0
3021,3512.85,3.27747,0.0
3022,3513.81,3.27,0.0
3023,3514.78,3.27076,0.0
3024,3515.74,3.27651,0.0
3025,3516.71,3.26988,0.0
3026,3517.67,3.26037,0.0
3027,3518.64,3.25546,0.0
3028,3519.6,3.26648,0.0
3029,3520.56,3.25855,0.0
3030,3521.53,3.23399,0.0
3031,3522.49,3.208,0.0
3032,3523.46,3.2356,0.0
3033,3524.42,3.23318,0.0
3034,3525.39,3.21684,0.0
3035,3526.35,3.19411,0.0
3036,3527.31,3.20573,0.0
3037,3528.28,3.20603,0.0
3038,3529.24,3.22919,0.0
3039,3530.21,3.21993,0.0
3040,3531.17,3.20328,0.0
3041,3532.14,3.19994,0.0
3042,3533.1,3.18763,0.0
3043,3534.06,3.17443,0.0
3044,3535.03,3.15278,0.0
3045,3535.99,3.15536,0.0
3046,3536.96,3.19224,0.0
3047,3537.92,3.16892,0.0
3048,3538.89,3.15683,0.0
3049,3539.85,3.15601,0.0
3050,3540.81,3.15509,0.0
3051,3541.78,3.13275,0.0
3052,3542.74,3.11863,0.0
3053,3543.71,3.10666,0.0
3054,3544.67,3.09669,0.0
3055,3545.64,3.11658,0.0
3056,3546.6,3.11329,0.0
3057,3547.56,3.17001,0.0
3058,3548.53,3.15248,0.0
3059,3549.49,3.10394,0.0
3060,3550.46,3.07678,0.0
3061,3551.42,3.04284,0.0
3062,3552.39,3.09085,0.0
3063,3553.35,3.11395,0.0
3064,3554.31,3.10728,0.0
3065,3555.28,3.09178,0.0
3066,3556.24,3.07645,0.0
3067,3557.21,3.08456,0.0
3068,3558.17,3.06414,0.0
3069,3559.14,3.03272,0.0
3070,3560.1,3.05561,0.0
3071,3561.06,3.06375,0.0
3072,3562.03,3.03458,0.0
3073,3562.99,3.01749,0.0
3074,3563.96,3.02995,0.0
3075,3564.92,2.9115,0.0
3076,3565.89,2.89774,0.0
3077,3566.85,2.97606,0.0
3078,3567.81,3.06178,0.0
3079,3568.78,3.18229,0.0
3080,3569.74,3.04298,0.0
3081,3570.71,3.0054,0.0
3082,3571.67,3.00185,0.0
3083,3572.64,2.98183,0.0
3084,3573.6,2.9642,0.0
3085,3574.56,2.97704,0.0
3086,3575.53,2.97452,0.0
3087,3576.49,2.95619,0.0
3088,3577.46,2.97425,0.0
3089,3578.42,2.95963,0.0
3090,3579.39,2.94991,0.0
3091,3580.35,2.97594,0.0
3092,3581.31,2.96019,0.0
3093,3582.28,2.93147,0.0
3094,3583.24,2.92834,0.0
3095,3584.21,2.934,0.0
3096,3585.17,2.76765,0.0
3097,3586.14,2.74589,0.0
3098,3587.1,2.93016,0.0
3099,3588.06,2.87787,0.0
3100,3589.03,3.04855,0.0
3101,3589.99,3.02616,0.0
3102,3590.96,2.92339,0.0
3103,3591.92,2.84664,0.0
3104,3592.89,2.85837,0.0
3105,3593.85,2.92553,0.0
3106,3594.81,2.83652,0.0
3107,3595.78,2.91413,0.0
3108,3596.74,2.89421,0.0
3109,3597.71,2.83847,0.0
3110,3598.67,2.86481,0.0
3111,3599.64,2.8372,0.0
3112,3600.6,2.81654,0.0
3113,3601.56,2.87858,0.0
3114,3602.53,2.85578,0.0
3115,3603.49,2.85558,0.0
3116,3604.46,2.84158,0.0
3117,3605.42,2.76694,0.0
3118,3606.39,2.70202,0.0
3119,3607.35,2.82493,0.0
3120,3608.31,2.64613,0.0
3121,3609.28,2.81859,0.0
3122,3610.24,3.06346,0.0
3123,3611.21,2.80264,0.0
3124,3612.17,2.74548,0.0
3125,3613.14,2.99364,0.0
3126,3614.1,2.94487,0.0
3127,3615.06,2.95054,0.0
3128,3616.03,2.89403,0.0
3129,3616.99,2.7215,0.0
3130,3617.96,2.77758,0.0
3131,3618.92,2.6856,0.0
3132,3619.89,2.89243,0.0
3133,3620.85,2.98551,0.0
3134,3621.81,2.82769,0.0
3135,3622.78,2.78808,0.0
3136,3623.74,2.75225,0.0
3137,3624.71,2.71559,0.0
3138,3625.67,2.69666,0.0
3139,3626.64,2.64093,0.0
3140,3627.6,2.35264,0.0
3141,3628.56,2.48495,0.0
3142,3629.53,2.93548,0.0
3143,3630.49,3.07678,0.0
3144,3631.46,2.83686,0.0
3145,3632.42,2.61285,0.0
3146,3633.39,2.57399,0.0
3147,3634.35,2.7486,0.0
3148,3635.31,2.70639,0.0
3149,3636.28,2.65286,0.0
3150,3637.24,2.61709,0.0
3151,3638.21,2.64332,0.0
3152,3639.17,2.67185,0.0
3153,3640.13,2.63409,0.0
3154,3641.1,2.6091,0.0
3155,3642.06,2.61634,0.0
3156,3643.03,2.63718,0.0
3157,3643.99,2.61419,0.0
3158,3644.96,2.57459,0.0
3159,3645.92,2.36852,0.0
3160,3646.88,2.48008,0.0
3161,3647.85,2.58065,0.0
3162,3648.81,2.42676,0.0
3163,3649.78,2.64099,0.0
3164,3650.74,2.73807,0.0
3165,3651.71,2.85585,0.0
3166,3652.67,2.70315,0.0
3167,3653.63,2.58567,0.0
3168,3654.6,2.46383,0.0
3169,3655.56,2.27726,0.0
3170,3656.53,2.64573,0.0
3171,3657.49,2.77756,0.0
3172,3658.46,2.5697,0.0
3173,3659.42,2.52946,0.0
3174,3660.38,2.54786,0.0
3175,3661.35,2.55793,0.0
3176,3662.31,2.52972,0.0
3177,3663.28,2.53295,0.0
3178,3664.24,2.51707,0.0
3179,3665.21,2.52726,0.0
3180,3666.17,2.51777,0.0
3181,3667.13,2.36185,0.0
3182,3668.1,2.25942,0.0
3183,3669.06,2.36324,0.0
3184,3670.03,2.20746,0.0
3185,3670.99,2.88283,0.0
3186,3671.95,2.79337,0.0
3187,3672.92,2.41541,0.0
3188,3673.88,2.01467,0.0
3189,3674.85,1.96975,0.0
3190,3675.81,2.82708,0.0
3191,3676.78,3.01575,0.0
3192,3677.74,2.52255,0.0
3193,3678.7,2.38297,0.0
3194,3679.67,2.50185,0.0
3195,3680.63,2.55254,0.0
3196,3681.6,2.47721,0.0
3197,3682.56,2.44937,0.0
3198,3683.53,2.41676,0.0
3199,3684.49,2.42355,0.0
3200,3685.45,2.41494,0.0
3201,3686.42,2.33616,0.0
3202,3687.38,1.86981,0.0
3203,3688.35,2.21534,0.0
3204,3689.31,2.77411,0.0
3205,3690.28,2.35222,0.0
3206,3691.24,2.50026,0.0
3207,3692.2,2.59896,0.0
3208,3693.17,2.44566,0.0
3209,3694.13,2.40245,0.0
3210,3695.1,2.39839,0.0
3211,3696.06,2.39358,0.0
3212,3697.03,2.40198,0.0
3213,3697.99,2.38291,0.0
3214,3698.95,2.379,0.0
3215,3699.92,2.34008,0.0
3216,3700.88,2.18885,0.0
3217,3701.85,2.37968,0.0
3218,3702.81,2.55697,0.0
3219,3703.78,2.42444,0.0
3220,3704.74,2.36532,0.0
3221,3705.7,2.37861,0.0
3222,3706.67,2.38765,0.0
3223,3707.63,2.2584,0.0
3224,3708.6,2.15214,0.0
3225,3709.56,2.49544,0.0
3226,3710.53,2.41428,0.0
3227,3711.49,2.06277,0.0
3228,3712.45,2.74325,0.0
3229,3713.42,2.74022,0.0
3230,3714.38,2.38277,0.0
3231,3715.35,2.40579,0.0
3232,3716.31,2.38294,0.0
3233,3717.28,2.33693,0.0
3234,3718.24,2.27636,0.0
3235,3719.2,2.43572,0.0
3236,3720.17,2.44104,0.0
3237,3721.13,2.22317,0.0
3238,3722.1,2.3036,0.0
3239,3723.06,2.52647,0.0
3240,3724.03,2.41064,0.0
3241,3724.99,2.35513,0.0
3242,3725.95,2.37507,0.0
3243,3726.92,2.54775,0.0
3244,3727.88,2.61506,0.0
3245,3728.85,2.5771,0.0
3246,3729.81,2.5499,0.0
3247,3730.78,2.39579,0.0
3248,3731.74,2.3827,0.0
3249,3732.7,2.92439,0.0
3250,3733.67,2.59747,0.0
3251,3734.63,2.40752,0.0
3252,3735.6,2.52313,0.0
3253,3736.56,2.70866,0.0
3254,3737.53,2.76875,0.0
3255,3738.49,2.59693,0.0
3256,3739.45,2.486,0.0
3257,3740.42,2.3705,0.0
3258,3741.38,2.50348,0.0
3259,3742.35,2.40394,0.0
3260,3743.31,1.54898,0.0
3261,3744.28,1.76687,0.0
3262,3745.24,3.3741,0.0
3263,3746.2,2.66824,0.0
3264,3747.17,2.35416,0.0
3265,3748.13,1.82372,0.0
3266,3749.1,1.92525,0.0
3267,3750.06,2.86041,0.0
3268,3751.03,2.2551,0.0
3269,3751.99,2.16837,0.0
3270,3752.95,2.90961,0.0
3271,3753.92,2.60497,0.0
3272,3754.88,2.26683,0.0
3273,3755.85,2.19089,0.0
3274,3756.81,2.41074,0.0
3275,3757.78,2.38305,0.0
3276,3758.74,2.11483,0.0
3277,3759.7,2.36981,0.0
3278,3760.67,2.50628,0.0
3279,3761.63,2.31481,0.0
3280,3762.6,2.28138,0.0
3281,3763.56,2.24921,0.0
3282,3764.53,2.15164,0.0
3283,3765.49,2.20654,0.0
3284,3766.45,2.44948,0.0
3285,3767.42,2.35178,0.0
3286,3768.38,2.06454,0.0
3287,3769.35,2.00651,0.0
3288,3770.31,2.49952,0.0
3289,3771.28,2.45145,0.0
3290,3772.24,2.28265,0.0
3291,3773.2,2.2621,0.0
3292,3774.17,2.25786,0.0
3293,3775.13,2.24458,0.0
3294,3776.1,2.24719,0.0
3295,3777.06,2.22798,0.0
3296,3778.03,2.15565,0.0
3297,3778.99,2.09435,0.0
3298,3779.95,2.40739,0.0
3299,3780.92,2.36766,0.0
3300,3781.88,2.24679,0.0
3301,3782.85,2.22248,0.0
3302,3783.81,2.17124,0.0
3303,3784.78,2.21733,0.0
3304,3785.74,2.2914,0.0
3305,3786.7,2.24591,0.0
3306,3787.67,2.24483,0.0
3307,3788.63,2.22983,0.0
3308,3789.6,2.23089,0.0
3309,3790.56,2.21855,0.0
3310,3791.53,2.22572,0.0
3311,3792.49,2.23572,0.0
3312,3793.45,2.2528,0.0
3313,3794.42,2.20926,0.0
3314,3795.38,2.0442,0.0
3315,3796.35,2.12398,0.0
3316,3797.31,2.35485,0.0
3317,3798.28,2.25835,0.0
3318,3799.24,2.13837,0.0
3319,3800.2,1.68434,0.0
3320,3801.17,1.90021,0.0
3321,3802.13,2.66812,0.0
3322,3803.1,2.4596,0.0
3323,3804.06,2.24802,0.0
3324,3805.03,2.13846,0.0
3325,3805.99,1.7779,0.0
3326,3806.95,2.29538,0.0
3327,3807.92,2.59965,0.0
3328,3808.88,2.23559,0.0
3329,3809.85,2.168,0.0
3330,3810.81,2.14699,0.0
3331,3811.78,2.15455,0.0
3332,3812.74,2.147,0.0
3333,3813.7,2.11844,0.0
3334,3814.67,1.85715,0.0
3335,3815.63,1.88261,0.0
3336,3816.6,2.55972,0.0
3337,3817.56,2.35764,0.0
3338,3818.53,2.11674,0.0
3339,3819.49,1.93272,0.0
3340,3820.45,1.83045,0.0
3341,3821.42,2.22146,0.0
3342,3822.38,2.52844,0.0
3343,3823.35,2.30298,0.0
3344,3824.31,2.14083,0.0
3345,3825.28,2.08277,0.0
3346,3826.24,2.02959,0.0
3347,3827.2,2.23782,0.0
3348,3828.17,2.22536,0.0
3349,3829.13,2.14241,0.0
3350,3830.1,2.04267,0.0
3351,3831.06,1.94803,0.0
3352,3832.03,2.2196,0.0
3353,3832.99,2.24879,0.0
3354,3833.95,1.86855,0.0
3355,3834.92,2.03281,0.0
3356,3835.88,2.13949,0.0
3357,3836.85,1.69156,0.0
3358,3837.81,2.21777,0.0
3359,3838.78,2.55857,0.0
3360,3839.74,2.10394,0.0
3361,3840.7,2.15747,0.0
3362,3841.67,2.25601,0.0
3363,3842.63,1.98522,0.0
3364,3843.6,2.02541,0.0
3365,3844.56,2.28675,0.0
3366,3845.53,2.15183,0.0
3367,3846.49,2.08293,0.0
3368,3847.45,2.04892,0.0
3369,3848.42,2.03557,0.0
3370,3849.38,2.04722,0.0
3371,3850.35,1.9512,0.0
3372,3851.31,1.58533,0.0
3373,3852.28,1.91681,0.0
3374,3853.24,1.60462,0.0
3375,3854.2,2.59887,0.0
3376,3855.17,3.01145,0.0
3377,3856.13,2.0853,0.0
3378,3857.1,2.02096,0.0
3379,3858.06,2.13934,0.0
3380,3859.02,2.09248,0.0
3381,3859.99,1.99569,0.0
3382,3860.95,1.8742,0.0
3383,3861.92,2.0213,0.0
3384,3862.88,2.06531,0.0
3385,3863.85,1.80911,0.0
3386,3864.81,1.93401,0.0
3387,3865.77,2.30751,0.0
3388,3866.74,2.158,0.0
3389,3867.7,1.87069,0.0
3390,3868.67,1.67098,0.0
3391,3869.63,1.93501,0.0
3392,3870.6,2.38336,0.0
3393,3871.56,2.23668,0.0
3394,3872.52,1.89991,0.0
3395,3873.49,1.78017,0.0
3396,3874.45,2.12021,0.0
3397,3875.42,2.16968,0.0
3398,3876.38,2.00018,0.0
3399,3877.35,1.98004,0.0
3400,3878.31,1.92263,0.0
3401,3879.27,1.68789,0.0
3402,3880.24,1.8379,0.0
3403,3881.2,2.18185,0.0
3404,3882.17,2.04685,0.0
3405,3883.13,1.96981,0.0
3406,3884.1,1.87674,0.0
3407,3885.06,1.60967,0.0
3408,3886.02,2.24824,0.0
3409,3886.99,2.29614,0.0
3410,3887.95,1.97532,0.0
3411,3888.92,1.95176,0.0
3412,3889.88,1.73192,0.0
3413,3890.84,1.71389,0.0
3414,3891.81,2.19194,0.0
3415,3892.77,2.08652,0.0
3416,3893.74,1.97164,0.0
3417,3894.7,1.96687,0.0
3418,3895.67,1.94376,0.0
3419,3896.63,1.90445,0.0
3420,3897.59,1.78964,0.0
3421,3898.56,1.69817,0.0
3422,3899.52,2.08085,0.0
3423,3900.49,2.00358,0.0
3424,3901.45,1.82098,0.0
3425,3902.42,2.05403,0.0
3426,3903.38,1.77486,0.0
3427,3904.34,2.04612,0.0
3428,3905.31,2.10451,0.0
3429,3906.27,2.00953,0.0
3430,3907.24,1.98784,0.0
3431,3908.2,1.91562,0.0
3432,3909.17,1.9138,0.0
3433,3910.13,1.92377,0.0
3434,3911.09,1.91655,0.0
3435,3912.06,1.90839,0.0
3436,3913.02,1.90193,0.0
3437,3913.99,1.89794,0.0
3438,3914.95,1.83427,0.0
3439,3915.92,1.75753,0.0
3440,3916.88,1.86619,0.0
3441,3917.84,2.01778,0.0
3442,3918.81,1.87644,0.0
3443,3919.77,1.87222,0.0
3444,3920.74,1.97287,0.0
3445,3921.7,1.88993,0.0
3446,3922.67,1.83293,0.0
3447,3923.63,1.79306,0.0
3448,3924.59,1.84808,0.0
3449,3925.56,1.92479,0.0
3450,3926.52,1.89274,0.0
3451,3927.49,1.84642,0.0
3452,3928.45,1.83026,0.0
3453,3929.42,1.84022,0.0
3454,3930.38,1.84309,0.0
3455,3931.34,1.76172,0.0
3456,3932.31,1.81509,0.0
3457,3933.27,1.92536,0.0
3458,3934.24,1.88269,0.0
3459,3935.2,1.86229,0.0
3460,3936.17,1.84328,0.0
3461,3937.13,1.82949,0.0
3462,3938.09,1.83537,0.0
3463,3939.06,1.83675,0.0
3464,3940.02,1.83167,0.0
3465,3940.99,1.7993,0.0
3466,3941.95,1.71975,0.0
3467,3942.92,1.81444,0.0
3468,3943.88,1.87717,0.0
3469,3944.84,1.84028,0.0
3470,3945.81,1.81206,0.0
3471,3946.77,1.73977,0.0
3472,3947.74,1.78052,0.0
3473,3948.7,1.79842,0.0
3474,3949.67,1.78983,0.0
3475,3950.63,1.85175,0.0
3476,3951.59,1.79999,0.0
3477,3952.56,1.77941,0.0
3478,3953.52,1.79312,0.0
3479,3954.49,1.79777,0.0
3480,3955.45,1.78384,0.0
3481,3956.42,1.77582,0.0
3482,3957.38,1.79444,0.0
3483,3958.34,1.79891,0.0
3484,3959.31,1.78416,0.0
3485,3960.27,1.75453,0.0
3486,3961.24,1.74231,0.0
3487,3962.2,1.77451,0.0
3488,3963.17,1.77308,0.0
3489,3964.13,1.75622,0.0
3490,3965.09,1.75779,0.0
3491,3966.06,1.74963,0.0
3492,3967.02,1.72773,0.0
3493,3967.99,1.72442,0.0
3494,3968.95,1.75464,0.0
3495,3969.92,1.76465,0.0
3496,3970.88,1.73177,0.0
3497,3971.84,1.71712,0.0
3498,3972.81,1.71818,0.0
3499,3973.77,1.71899,0.0
3500,3974.74,1.72449,0.0
3501,3975.7,1.72619,0.0
3502,3976.67,1.72072,0.0
3503,3977.63,1.71507,0.0
3504,3978.59,1.72436,0.0
3505,3979.56,1.72604,0.0
3506,3980.52,1.70891,0.0
3507,3981.49,1.70203,0.0
3508,3982.45,1.71779,0.0
3509,3983.42,1.71856,0.0
3510,3984.38,1.69279,0.0
3511,3985.34,1.68768,0.0
3512,3986.31,1.69144,0.0
3513,3987.27,1.69454,0.0
3514,3988.24,1.68595,0.0
3515,3989.2,1.66572,0.0
3516,3990.17,1.66662,0.0
3517,3991.13,1.67712,0.0
3518,3992.09,1.67565,0.0
3519,3993.06,1.67592,0.0
3520,3994.02,1.67042,0.0
3521,3994.99,1.67221,0.0
3522,3995.95,1.67087,0.0
3523,3996.92,1.66569,0.0
3524,3997.88,1.66372,0.0
3525,3998.84,1.65109,0.0
3526,3999.81,1.64402,0.0
